two_theta,y_obs
5,7500
5.01,6975
5.02,7175
5.03,8050
5.04,8125
5.05,7925
5.06,7975
5.07,8400
5.08,7900
5.09,7850
5.1,7950
5.11,7725
5.12,7550
5.13,7575
5.14,7700
5.15,7925
5.16,7550
5.17,7875
5.18,7125
5.19,7850
5.2,7825
5.21,7975
5.22,7575
5.23,8325
5.24,7650
5.25,7725
5.26,7850
5.27,7550
5.28,7975
5.29,8000
5.3,8000
5.31,8400
5.32,7550
5.33,8375
5.34,7500
5.35,8475
5.36,7425
5.37,7825
5.38,7300
5.39,8325
5.4,8350
5.41,9075
5.42,8425
5.43,8025
5.44,7900
5.45,7600
5.46,7575
5.47,8100
5.48,7350
5.49,7625
5.5,7850
5.51,8300
5.52,8150
5.53,8350
5.54,8050
5.55,7800
5.56,9150
5.57,8200
5.58,8350
5.59,7775
5.6,8700
5.61,8000
5.62,9075
5.63,8750
5.64,8900
5.65,8075
5.66,8275
5.67,8925
5.68,8950
5.69,8775
5.7,8450
5.71,8675
5.72,8350
5.73,7850
5.74,8750
5.75,8975
5.76,8850
5.77,8525
5.78,8950
5.79,8150
5.8,9450
5.81,8400
5.82,8200
5.83,8700
5.84,8100
5.85,8125
5.86,9125
5.87,8400
5.88,9125
5.89,8375
5.9,8200
5.91,7925
5.92,7650
5.93,8725
5.94,9025
5.95,8650
5.96,8650
5.97,8450
5.98,8775
5.99,8875
6,8750
6.01,8675
6.02,9075
6.03,9400
6.04,8850
6.05,8550
6.06,9325
6.07,9300
6.08,8925
6.09,9200
6.1,9500
6.11,8475
6.12,9125
6.13,9000
6.14,9025
6.15,8950
6.16,8725
6.17,9525
6.18,8725
6.19,8675
6.2,10175
6.21,9225
6.22,9375
6.23,9975
6.24,9125
6.25,9550
6.26,8975
6.27,9250
6.28,9100
6.29,8775
6.3,9175
6.31,8875
6.32,9450
6.33,8750
6.34,9725
6.35,9550
6.36,9275
6.37,10250
6.38,9500
6.39,9300
6.4,8575
6.41,9200
6.42,9550
6.43,9375
6.44,9175
6.45,10050
6.46,9675
6.47,9450
6.48,9000
6.49,9275
6.5,9100
6.51,9225
6.52,8700
6.53,9025
6.54,9250
6.55,9825
6.56,9875
6.57,10025
6.58,9100
6.59,9350
6.6,9250
6.61,9625
6.62,9450
6.63,8975
6.64,9125
6.65,9925
6.66,9725
6.67,9625
6.68,9675
6.69,10125
6.7,10125
6.71,10300
6.72,10250
6.73,9550
6.74,9850
6.75,9600
6.76,9350
6.77,10450
6.78,9400
6.79,9300
6.8,9725
6.81,9425
6.82,9975
6.83,9700
6.84,10050
6.85,9425
6.86,10250
6.87,10175
6.88,9800
6.89,9750
6.9,10225
6.91,9750
6.92,9850
6.93,10100
6.94,10650
6.95,9875
6.96,9725
6.97,9750
6.98,10000
6.99,10225
7,10400
7.01,10025
7.02,9425
7.03,9000
7.04,9700
7.05,10125
7.06,10525
7.07,10925
7.08,9700
7.09,9950
7.1,10025
7.11,10275
7.12,9875
7.13,10275
7.14,9450
7.15,10250
7.16,9950
7.17,10850
7.18,10875
7.19,10425
7.2,9850
7.21,9775
7.22,10050
7.23,10400
7.24,10150
7.25,10175
7.26,10100
7.27,10850
7.28,10375
7.29,8950
7.3,10375
7.31,10825
7.32,11225
7.33,10675
7.34,10725
7.35,9800
7.36,10325
7.37,9725
7.38,10825
7.39,10950
7.4,10000
7.41,10575
7.42,10150
7.43,10650
7.44,10575
7.45,11050
7.46,10850
7.47,9775
7.48,10700
7.49,10675
7.5,11100
7.51,10400
7.52,10600
7.53,10600
7.54,10375
7.55,10575
7.56,10150
7.57,10450
7.58,10075
7.59,11450
7.6,10725
7.61,10600
7.62,10375
7.63,10675
7.64,10900
7.65,12025
7.66,10850
7.67,11325
7.68,11250
7.69,11900
7.7,11650
7.71,11000
7.72,11850
7.73,10850
7.74,11100
7.75,10300
7.76,10650
7.77,10700
7.78,11175
7.79,11075
7.8,11225
7.81,11250
7.82,10675
7.83,11400
7.84,11225
7.85,11250
7.86,11025
7.87,10700
7.88,10525
7.89,11250
7.9,11150
7.91,11100
7.92,9925
7.93,11675
7.94,10450
7.95,10150
7.96,10000
7.97,11950
7.98,11750
7.99,11175
8,10950
8.01,11325
8.02,11450
8.03,11000
8.04,10525
8.05,11225
8.06,11375
8.07,10550
8.08,10475
8.09,10850
8.1,11025
8.11,11675
8.12,11975
8.13,11050
8.14,11350
8.15,10875
8.16,10950
8.17,11325
8.18,11475
8.19,11875
8.2,12100
8.21,10750
8.22,11525
8.23,10175
8.24,11325
8.25,10675
8.26,11450
8.27,11600
8.28,12575
8.29,12100
8.3,11550
8.31,11575
8.32,11750
8.33,11750
8.34,10300
8.35,11575
8.36,12175
8.37,11425
8.38,11750
8.39,12125
8.4,11900
8.41,12600
8.42,12150
8.43,12000
8.44,11925
8.45,12225
8.46,11950
8.47,12125
8.48,11875
8.49,11700
8.5,11600
8.51,11925
8.52,12450
8.53,12150
8.54,12400
8.55,11750
8.56,12225
8.57,11300
8.58,12400
8.59,12175
8.6,11425
8.61,11875
8.62,11600
8.63,11750
8.64,12750
8.65,12625
8.66,12150
8.67,12700
8.68,12175
8.69,12125
8.7,12200
8.71,12000
8.72,12025
8.73,12275
8.74,12375
8.75,11825
8.76,13050
8.77,13275
8.78,12200
8.79,12675
8.8,12100
8.81,13100
8.82,12650
8.83,12425
8.84,11600
8.85,12900
8.86,12250
8.87,12575
8.88,12525
8.89,13325
8.9,12150
8.91,12575
8.92,12825
8.93,12550
8.94,13050
8.95,12700
8.96,12725
8.97,13825
8.98,12675
8.99,11700
9,12300
9.01,12150
9.02,12325
9.03,12525
9.04,12300
9.05,13000
9.06,12850
9.07,12625
9.08,13975
9.09,13325
9.1,12775
9.11,12400
9.12,12000
9.13,12450
9.14,12300
9.15,12275
9.16,13075
9.17,11525
9.18,12175
9.19,12325
9.2,12450
9.21,12975
9.22,13175
9.23,13000
9.24,12750
9.25,12800
9.26,14125
9.27,13050
9.28,13650
9.29,12450
9.3,12975
9.31,12425
9.32,12950
9.33,13225
9.34,11950
9.35,12700
9.36,12850
9.37,11875
9.38,12175
9.39,13500
9.4,12650
9.41,12375
9.42,12175
9.43,12350
9.44,12400
9.45,13075
9.46,13450
9.47,13475
9.48,13725
9.49,12650
9.5,12450
9.51,13050
9.52,12375
9.53,12525
9.54,13475
9.55,12900
9.56,12900
9.57,11775
9.58,13225
9.59,12675
9.6,13375
9.61,12625
9.62,13250
9.63,13650
9.64,13050
9.65,13725
9.66,11875
9.67,12725
9.68,13550
9.69,10700
9.7,13550
9.71,13500
9.72,13250
9.73,12950
9.74,12675
9.75,13475
9.76,13525
9.77,14600
9.78,13475
9.79,12825
9.8,13375
9.81,14700
9.82,13725
9.83,12825
9.84,13675
9.85,13575
9.86,14100
9.87,12700
9.88,12575
9.89,12425
9.9,13375
9.91,13200
9.92,13100
9.93,13200
9.94,12975
9.95,13375
9.96,13650
9.97,14275
9.98,13575
9.99,13425
10,14075
10.01,13250
10.02,13825
10.03,12775
10.04,13525
10.05,14175
10.06,14000
10.07,13775
10.08,13725
10.09,13950
10.1,12725
10.11,13575
10.12,13250
10.13,13625
10.14,13300
10.15,13275
10.16,14150
10.17,13075
10.18,13200
10.19,13625
10.2,13650
10.21,13225
10.22,13050
10.23,12900
10.24,14475
10.25,13625
10.26,13050
10.27,13825
10.28,13525
10.29,14050
10.3,13525
10.31,13400
10.32,12575
10.33,12950
10.34,12875
10.35,13700
10.36,13300
10.37,13500
10.38,13400
10.39,13675
10.4,14150
10.41,13100
10.42,13000
10.43,13550
10.44,12550
10.45,12950
10.46,14400
10.47,13075
10.48,13100
10.49,14075
10.5,13725
10.51,13075
10.52,14150
10.53,14050
10.54,13500
10.55,14075
10.56,14275
10.57,14000
10.58,14150
10.59,13725
10.6,13500
10.61,13950
10.62,14800
10.63,13925
10.64,13400
10.65,14525
10.66,14125
10.67,13925
10.68,14850
10.69,14050
10.7,13550
10.71,14675
10.72,14375
10.73,13750
10.74,12750
10.75,13125
10.76,13875
10.77,14175
10.78,13850
10.79,13650
10.8,14000
10.81,14125
10.82,14625
10.83,14125
10.84,14875
10.85,14625
10.86,14300
10.87,14600
10.88,13250
10.89,13975
10.9,14300
10.91,14600
10.92,13325
10.93,14500
10.94,13600
10.95,13825
10.96,13450
10.97,13675
10.98,14475
10.99,14250
11,15625
11.01,14575
11.02,14500
11.03,13900
11.04,14625
11.05,14825
11.06,12800
11.07,13675
11.08,14100
11.09,14125
11.1,14400
11.11,14975
11.12,14900
11.13,14350
11.14,13125
11.15,14475
11.16,14200
11.17,14150
11.18,14150
11.19,14500
11.2,13500
11.21,14500
11.22,13925
11.23,13950
11.24,14775
11.25,14750
11.26,13500
11.27,13675
11.28,14025
11.29,14625
11.3,14825
11.31,14675
11.32,13275
11.33,14050
11.34,14425
11.35,15025
11.36,14325
11.37,15150
11.38,15275
11.39,14700
11.4,13600
11.41,13500
11.42,14475
11.43,13925
11.44,14100
11.45,14900
11.46,14150
11.47,14425
11.48,14825
11.49,14700
11.5,14775
11.51,14600
11.52,14675
11.53,13400
11.54,13675
11.55,14875
11.56,14425
11.57,15350
11.58,15025
11.59,14900
11.6,15275
11.61,15125
11.62,14475
11.63,14350
11.64,14775
11.65,14800
11.66,15350
11.67,14425
11.68,14150
11.69,15850
11.7,14800
11.71,14700
11.72,14525
11.73,15025
11.74,14825
11.75,13450
11.76,14625
11.77,15925
11.78,14250
11.79,14500
11.8,14525
11.81,15375
11.82,15450
11.83,14750
11.84,14050
11.85,15800
11.86,14725
11.87,14900
11.88,15500
11.89,14825
11.9,14850
11.91,16200
11.92,14000
11.93,15025
11.94,15775
11.95,14950
11.96,15325
11.97,15250
11.98,15375
11.99,15000
12,15550
12.01,15000
12.02,14450
12.03,14100
12.04,14300
12.05,14825
12.06,15750
12.07,15275
12.08,15125
12.09,16000
12.1,15325
12.11,16575
12.12,15450
12.13,15175
12.14,15650
12.15,14975
12.16,14725
12.17,15650
12.18,15825
12.19,15675
12.2,14275
12.21,15475
12.22,14750
12.23,15875
12.24,15200
12.25,15550
12.26,15900
12.27,15700
12.28,14150
12.29,15825
12.3,14875
12.31,14375
12.32,15375
12.33,14575
12.34,15450
12.35,15075
12.36,15350
12.37,16100
12.38,14625
12.39,15250
12.4,15450
12.41,15000
12.42,15850
12.43,15150
12.44,15050
12.45,14175
12.46,14900
12.47,16225
12.48,14900
12.49,15800
12.5,15450
12.51,15925
12.52,16600
12.53,15175
12.54,15200
12.55,14775
12.56,15200
12.57,14925
12.58,15750
12.59,15500
12.6,15300
12.61,15075
12.62,14825
12.63,15050
12.64,14375
12.65,15875
12.66,15150
12.67,15300
12.68,14475
12.69,15900
12.7,15325
12.71,14775
12.72,15750
12.73,15000
12.74,15575
12.75,15650
12.76,16700
12.77,16575
12.78,16100
12.79,16525
12.8,15250
12.81,15450
12.82,15700
12.83,15000
12.84,15300
12.85,16000
12.86,14750
12.87,15050
12.88,16425
12.89,14725
12.9,14475
12.91,15300
12.92,15975
12.93,15650
12.94,15875
12.95,16275
12.96,15825
12.97,16575
12.98,16000
12.99,16025
13,15450
13.01,15325
13.02,15575
13.03,16475
13.04,15850
13.05,16025
13.06,15975
13.07,15225
13.08,16125
13.09,16150
13.1,14900
13.11,15600
13.12,15450
13.13,14075
13.14,15775
13.15,16350
13.16,15175
13.17,15775
13.18,14950
13.19,17025
13.2,16250
13.21,14825
13.22,15825
13.23,16275
13.24,16700
13.25,15675
13.26,16175
13.27,16175
13.28,15600
13.29,14750
13.3,16250
13.31,15325
13.32,15500
13.33,15550
13.34,15725
13.35,15400
13.36,16400
13.37,16175
13.38,15600
13.39,16050
13.4,16000
13.41,16675
13.42,16900
13.43,16425
13.44,15400
13.45,16325
13.46,16625
13.47,16750
13.48,16000
13.49,15800
13.5,16325
13.51,15350
13.52,14800
13.53,15650
13.54,15575
13.55,15925
13.56,15500
13.57,15900
13.58,16325
13.59,15600
13.6,15275
13.61,16025
13.62,15650
13.63,16600
13.64,15475
13.65,16675
13.66,15425
13.67,14950
13.68,15600
13.69,15700
13.7,15875
13.71,16400
13.72,16200
13.73,15925
13.74,15900
13.75,15550
13.76,17100
13.77,15450
13.78,16300
13.79,15975
13.8,15750
13.81,16425
13.82,15900
13.83,16050
13.84,15175
13.85,16225
13.86,16050
13.87,16725
13.88,15975
13.89,15975
13.9,15375
13.91,15700
13.92,16225
13.93,16900
13.94,17300
13.95,18575
13.96,16775
13.97,16250
13.98,16025
13.99,16000
14,15300
14.01,17175
14.02,15925
14.03,16325
14.04,15875
14.05,16800
14.06,16100
14.07,16175
14.08,17000
14.09,15600
14.1,16150
14.11,15600
14.12,16200
14.13,16875
14.14,16550
14.15,15925
14.16,16775
14.17,16550
14.18,15275
14.19,16250
14.2,16400
14.21,15800
14.22,16475
14.23,17075
14.24,16075
14.25,16425
14.26,16750
14.27,15825
14.28,16350
14.29,16975
14.3,16000
14.31,16400
14.32,15850
14.33,17400
14.34,16875
14.35,17275
14.36,16925
14.37,16100
14.38,16550
14.39,17225
14.4,16025
14.41,16225
14.42,16750
14.43,15850
14.44,15900
14.45,17450
14.46,16650
14.47,15475
14.48,15850
14.49,15550
14.5,15750
14.51,15850
14.52,16950
14.53,17150
14.54,15550
14.55,16200
14.56,15575
14.57,15200
14.58,16400
14.59,15675
14.6,17275
14.61,17475
14.62,17550
14.63,16625
14.64,16900
14.65,16075
14.66,15225
14.67,16075
14.68,15475
14.69,15450
14.7,15750
14.71,15500
14.72,15550
14.73,15975
14.74,17725
14.75,17450
14.76,16100
14.77,16500
14.78,15300
14.79,16225
14.8,17275
14.81,15975
14.82,16875
14.83,15875
14.84,18175
14.85,16450
14.86,16550
14.87,16650
14.88,16775
14.89,17400
14.9,16150
14.91,16275
14.92,16600
14.93,16050
14.94,16900
14.95,17625
14.96,16400
14.97,16875
14.98,17200
14.99,16800
15,17025
15.01,16550
15.02,16500
15.03,16275
15.04,17775
15.05,16050
15.06,16325
15.07,16575
15.08,16650
15.09,15425
15.1,16250
15.11,16425
15.12,16750
15.13,16475
15.14,16400
15.15,15625
15.16,17725
15.17,16975
15.18,16075
15.19,17075
15.2,15275
15.21,15550
15.22,15800
15.23,16525
15.24,16350
15.25,16175
15.26,16425
15.27,15675
15.28,17050
15.29,16500
15.3,16925
15.31,16475
15.32,15925
15.33,15800
15.34,14975
15.35,15750
15.36,15925
15.37,16150
15.38,16725
15.39,16075
15.4,16075
15.41,17275
15.42,17750
15.43,16800
15.44,17900
15.45,17125
15.46,15375
15.47,16300
15.48,16200
15.49,15700
15.5,16400
15.51,16550
15.52,16675
15.53,15750
15.54,16100
15.55,16925
15.56,15925
15.57,16675
15.58,16250
15.59,16675
15.6,16625
15.61,16625
15.62,16350
15.63,16525
15.64,17450
15.65,17175
15.66,17875
15.67,17100
15.68,17600
15.69,16550
15.7,16500
15.71,16250
15.72,16975
15.73,16800
15.74,16650
15.75,17700
15.76,17475
15.77,17050
15.78,16325
15.79,16400
15.8,16425
15.81,17975
15.82,16775
15.83,16075
15.84,15775
15.85,15800
15.86,15050
15.87,16725
15.88,16200
15.89,15300
15.9,17375
15.91,16025
15.92,16100
15.93,15500
15.94,17075
15.95,16450
15.96,16725
15.97,16975
15.98,17175
15.99,17325
16,16075
16.01,16200
16.02,15500
16.03,17225
16.04,16950
16.05,17000
16.06,17775
16.07,17225
16.08,16950
16.09,17000
16.1,17150
16.11,18000
16.12,17575
16.13,16500
16.14,17500
16.15,16000
16.16,16725
16.17,15975
16.18,15850
16.19,17025
16.2,15425
16.21,17175
16.22,17050
16.23,16725
16.24,17100
16.25,17150
16.26,15975
16.27,16100
16.28,17000
16.29,17375
16.3,16425
16.31,17025
16.32,15975
16.33,16000
16.34,16450
16.35,16650
16.36,16850
16.37,16550
16.38,17150
16.39,16250
16.4,17325
16.41,17275
16.42,16450
16.43,17125
16.44,16450
16.45,17150
16.46,16575
16.47,16750
16.48,16325
16.49,17125
16.5,17100
16.51,15675
16.52,17900
16.53,17400
16.54,16000
16.55,16650
16.56,16975
16.57,16475
16.58,16200
16.59,16125
16.6,18075
16.61,17125
16.62,16675
16.63,16600
16.64,16425
16.65,15300
16.66,16575
16.67,16500
16.68,16525
16.69,16175
16.7,17825
16.71,16725
16.72,16125
16.73,16525
16.74,16125
16.75,15550
16.76,15900
16.77,17175
16.78,15625
16.79,16850
16.8,15825
16.81,16425
16.82,15825
16.83,17475
16.84,16525
16.85,16225
16.86,17450
16.87,16125
16.88,15575
16.89,16925
16.9,16575
16.91,16425
16.92,17175
16.93,18150
16.94,16925
16.95,17375
16.96,16950
16.97,16325
16.98,16600
16.99,16275
17,16150
17.01,16100
17.02,17300
17.03,18300
17.04,16000
17.05,17050
17.06,17325
17.07,17225
17.08,17200
17.09,16775
17.1,16600
17.11,17775
17.12,17400
17.13,16800
17.14,16125
17.15,17375
17.16,17125
17.17,18125
17.18,16675
17.19,16100
17.2,16700
17.21,16350
17.22,16450
17.23,17350
17.24,17075
17.25,16725
17.26,17800
17.27,16400
17.28,16350
17.29,16200
17.3,15975
17.31,16450
17.32,16550
17.33,17175
17.34,16675
17.35,16750
17.36,16575
17.37,17175
17.38,17325
17.39,16850
17.4,15825
17.41,17125
17.42,16050
17.43,16400
17.44,16850
17.45,16025
17.46,15750
17.47,17475
17.48,16950
17.49,16225
17.5,16625
17.51,17525
17.52,17850
17.53,17950
17.54,17650
17.55,16500
17.56,16525
17.57,16875
17.58,16350
17.59,15875
17.6,16275
17.61,16150
17.62,16675
17.63,16625
17.64,16675
17.65,16525
17.66,15800
17.67,16725
17.68,16650
17.69,17000
17.7,17125
17.71,16475
17.72,17775
17.73,16700
17.74,17050
17.75,16625
17.76,17075
17.77,18575
17.78,16775
17.79,15775
17.8,16150
17.81,16175
17.82,16500
17.83,16775
17.84,16850
17.85,16425
17.86,16750
17.87,16850
17.88,16975
17.89,15900
17.9,17100
17.91,16925
17.92,16325
17.93,17775
17.94,16050
17.95,15675
17.96,17050
17.97,17025
17.98,16700
17.99,16000
18,16625
18.01,16900
18.02,16600
18.03,16725
18.04,17400
18.05,16675
18.06,16475
18.07,16775
18.08,16625
18.09,17875
18.1,16875
18.11,17000
18.12,16125
18.13,17125
18.14,16075
18.15,16150
18.16,16100
18.17,16075
18.18,16075
18.19,17200
18.2,16500
18.21,16600
18.22,15375
18.23,16425
18.24,16475
18.25,15150
18.26,16950
18.27,16550
18.28,16000
18.29,16775
18.3,16050
18.31,16600
18.32,17225
18.33,17500
18.34,16750
18.35,16725
18.36,16600
18.37,16800
18.38,16800
18.39,16475
18.4,17300
18.41,17800
18.42,17100
18.43,17000
18.44,16675
18.45,16225
18.46,18725
18.47,17400
18.48,17025
18.49,15350
18.5,16450
18.51,17175
18.52,16125
18.53,16325
18.54,16950
18.55,15775
18.56,16025
18.57,17200
18.58,17075
18.59,16675
18.6,16650
18.61,16025
18.62,17350
18.63,16350
18.64,16700
18.65,16475
18.66,15925
18.67,17075
18.68,17075
18.69,17050
18.7,16575
18.71,16200
18.72,16700
18.73,15975
18.74,17600
18.75,16850
18.76,16575
18.77,15550
18.78,15450
18.79,15825
18.8,16350
18.81,16325
18.82,16400
18.83,15750
18.84,17350
18.85,16925
18.86,16675
18.87,15450
18.88,16350
18.89,16750
18.9,17325
18.91,16600
18.92,16225
18.93,17225
18.94,16125
18.95,16600
18.96,16325
18.97,15875
18.98,16500
18.99,16350
19,17350
19.01,16250
19.02,16050
19.03,16700
19.04,16625
19.05,16175
19.06,16350
19.07,17350
19.08,16650
19.09,17625
19.1,16450
19.11,15900
19.12,17050
19.13,17400
19.14,17000
19.15,15700
19.16,15925
19.17,17400
19.18,16200
19.19,15975
19.2,16750
19.21,17050
19.22,16325
19.23,16175
19.24,16250
19.25,17025
19.26,16975
19.27,17450
19.28,16600
19.29,15675
19.3,16925
19.31,17200
19.32,17025
19.33,15600
19.34,16275
19.35,15625
19.36,15975
19.37,16850
19.38,17575
19.39,16325
19.4,16550
19.41,17100
19.42,16350
19.43,16600
19.44,17025
19.45,17575
19.46,16925
19.47,17100
19.48,16800
19.49,16700
19.5,17300
19.51,16450
19.52,17025
19.53,16650
19.54,17475
19.55,16975
19.56,16300
19.57,15500
19.58,16425
19.59,15725
19.6,16150
19.61,16275
19.62,16075
19.63,16350
19.64,17200
19.65,16975
19.66,17100
19.67,17325
19.68,16200
19.69,16050
19.7,16675
19.71,16725
19.72,15425
19.73,16050
19.74,15875
19.75,16700
19.76,16450
19.77,17275
19.78,16575
19.79,16850
19.8,15850
19.81,16750
19.82,17225
19.83,16275
19.84,16475
19.85,16125
19.86,16975
19.87,16875
19.88,17200
19.89,16225
19.9,16650
19.91,17400
19.92,16300
19.93,16425
19.94,17550
19.95,16725
19.96,16700
19.97,17900
19.98,16225
19.99,16625
20,15875
20.01,15975
20.02,16925
20.03,18000
20.04,16725
20.05,16775
20.06,17975
20.07,16850
20.08,16575
20.09,17175
20.1,17275
20.11,16325
20.12,16800
20.13,17600
20.14,15850
20.15,16325
20.16,16600
20.17,15550
20.18,16900
20.19,17025
20.2,15875
20.21,17450
20.22,16600
20.23,15300
20.24,16525
20.25,16100
20.26,17275
20.27,16975
20.28,17425
20.29,17050
20.3,16500
20.31,16600
20.32,16650
20.33,17175
20.34,17525
20.35,16225
20.36,17400
20.37,16325
20.38,16900
20.39,16475
20.4,16875
20.41,16075
20.42,17400
20.43,16075
20.44,17125
20.45,17050
20.46,16750
20.47,17500
20.48,16675
20.49,17450
20.5,17300
20.51,16750
20.52,16750
20.53,16925
20.54,16975
20.55,16050
20.56,16525
20.57,16625
20.58,17300
20.59,17300
20.6,16850
20.61,17275
20.62,16025
20.63,16950
20.64,17075
20.65,16625
20.66,16775
20.67,17750
20.68,16625
20.69,16475
20.7,16000
20.71,16450
20.72,16800
20.73,17125
20.74,15800
20.75,16800
20.76,16650
20.77,15600
20.78,15800
20.79,15975
20.8,16425
20.81,17375
20.82,17975
20.83,17075
20.84,17325
20.85,17025
20.86,16500
20.87,16625
20.88,16425
20.89,16625
20.9,17450
20.91,16275
20.92,16900
20.93,16525
20.94,15775
20.95,15250
20.96,16075
20.97,16600
20.98,17875
20.99,17425
21,15825
21.01,15575
21.02,16125
21.03,17100
21.04,16975
21.05,16975
21.06,16450
21.07,16750
21.08,16650
21.09,17550
21.1,17225
21.11,17325
21.12,17025
21.13,17300
21.14,16300
21.15,15300
21.16,15500
21.17,17450
21.18,16625
21.19,16050
21.2,16775
21.21,16175
21.22,16525
21.23,16075
21.24,17600
21.25,16575
21.26,17025
21.27,16250
21.28,16550
21.29,15800
21.3,16900
21.31,17000
21.32,16525
21.33,16625
21.34,16150
21.35,16950
21.36,16600
21.37,16150
21.38,17400
21.39,16275
21.4,17850
21.41,16650
21.42,16725
21.43,17575
21.44,16300
21.45,16000
21.46,16225
21.47,17550
21.48,16125
21.49,16500
21.5,16000
21.51,16575
21.52,16150
21.53,16150
21.54,16775
21.55,16200
21.56,17200
21.57,16575
21.58,16675
21.59,17375
21.6,17175
21.61,16625
21.62,17100
21.63,16875
21.64,16625
21.65,16575
21.66,16775
21.67,16625
21.68,17875
21.69,17175
21.7,16475
21.71,16650
21.72,16425
21.73,16125
21.74,16200
21.75,17425
21.76,15925
21.77,16225
21.78,17175
21.79,17700
21.8,17775
21.81,16725
21.82,17350
21.83,16675
21.84,16150
21.85,16925
21.86,16750
21.87,17750
21.88,17625
21.89,15125
21.9,16800
21.91,16800
21.92,16700
21.93,16950
21.94,16600
21.95,17350
21.96,16875
21.97,17175
21.98,15900
21.99,16125
22,17200
22.01,16800
22.02,17525
22.03,16200
22.04,16625
22.05,15275
22.06,16200
22.07,15850
22.08,16800
22.09,17025
22.1,18325
22.11,17225
22.12,15675
22.13,16025
22.14,16525
22.15,16950
22.16,16100
22.17,15275
22.18,16975
22.19,17150
22.2,17125
22.21,17300
22.22,16575
22.23,16525
22.24,17750
22.25,17050
22.26,16650
22.27,16950
22.28,16450
22.29,16875
22.3,15975
22.31,16750
22.32,17300
22.33,16950
22.34,17900
22.35,17550
22.36,16525
22.37,16150
22.38,16050
22.39,16575
22.4,16275
22.41,16425
22.42,16250
22.43,16525
22.44,16325
22.45,16650
22.46,16225
22.47,18000
22.48,16550
22.49,16250
22.5,17425
22.51,17075
22.52,16275
22.53,15600
22.54,15400
22.55,16350
22.56,17000
22.57,17000
22.58,16000
22.59,16500
22.6,16500
22.61,16575
22.62,16600
22.63,16575
22.64,16425
22.65,16925
22.66,16775
22.67,17575
22.68,16950
22.69,16550
22.7,16775
22.71,16600
22.72,17600
22.73,17225
22.74,16000
22.75,16325
22.76,16525
22.77,16075
22.78,15975
22.79,16850
22.8,16250
22.81,16925
22.82,16700
22.83,17050
22.84,16475
22.85,17225
22.86,16325
22.87,16875
22.88,16300
22.89,16250
22.9,16675
22.91,17000
22.92,16200
22.93,16775
22.94,17350
22.95,17050
22.96,17450
22.97,16975
22.98,18075
22.99,16850
23,16775
23.01,16550
23.02,16625
23.03,16725
23.04,16150
23.05,17725
23.06,16775
23.07,14975
23.08,16600
23.09,17175
23.1,17475
23.11,17275
23.12,16600
23.13,17750
23.14,17325
23.15,17375
23.16,16925
23.17,17375
23.18,16800
23.19,18375
23.2,17225
23.21,17150
23.22,18425
23.23,15550
23.24,16575
23.25,16950
23.26,16850
23.27,16925
23.28,16725
23.29,17025
23.3,17275
23.31,17275
23.32,17025
23.33,18025
23.34,17900
23.35,16975
23.36,17225
23.37,17125
23.38,18025
23.39,18825
23.4,16600
23.41,16900
23.42,17375
23.43,17725
23.44,17750
23.45,17225
23.46,17325
23.47,17650
23.48,17425
23.49,17375
23.5,17625
23.51,18025
23.52,17500
23.53,17275
23.54,17700
23.55,17075
23.56,16300
23.57,17500
23.58,17475
23.59,18425
23.6,19050
23.61,19000
23.62,18425
23.63,17575
23.64,19475
23.65,18050
23.66,16975
23.67,18425
23.68,20025
23.69,19725
23.7,19450
23.71,18300
23.72,21175
23.73,21075
23.74,21400
23.75,21750
23.76,22400
23.77,21975
23.78,22175
23.79,23825
23.8,25150
23.81,25175
23.82,26900
23.83,28525
23.84,30000
23.85,32300
23.86,35625
23.87,37975
23.88,43150
23.89,49125
23.9,51900
23.91,60625
23.92,65250
23.93,70075
23.94,78225
23.95,82525
23.96,88250
23.97,89375
23.98,96000
23.99,94125
24,90825
24.01,84600
24.02,77500
24.03,74250
24.04,66875
24.05,60875
24.06,56775
24.07,51425
24.08,44650
24.09,39300
24.1,34800
24.11,31675
24.12,31100
24.13,27725
24.14,26925
24.15,25100
24.16,24025
24.17,23775
24.18,22700
24.19,20675
24.2,21025
24.21,20475
24.22,20625
24.23,21000
24.24,19850
24.25,19125
24.26,18800
24.27,18850
24.28,18650
24.29,18700
24.3,17875
24.31,17550
24.32,17875
24.33,17950
24.34,17900
24.35,18575
24.36,17975
24.37,18675
24.38,18725
24.39,17125
24.4,17875
24.41,17700
24.42,18475
24.43,17975
24.44,17825
24.45,16525
24.46,16950
24.47,17550
24.48,17150
24.49,18075
24.5,16925
24.51,16775
24.52,17325
24.53,17525
24.54,17200
24.55,18000
24.56,18300
24.57,16775
24.58,17650
24.59,16475
24.6,16000
24.61,16900
24.62,16300
24.63,16875
24.64,17225
24.65,18275
24.66,16600
24.67,17975
24.68,16725
24.69,17825
24.7,18025
24.71,16425
24.72,17550
24.73,17700
24.74,15650
24.75,16550
24.76,17225
24.77,18825
24.78,17200
24.79,16325
24.8,15800
24.81,17400
24.82,16875
24.83,17375
24.84,18050
24.85,15875
24.86,16325
24.87,16875
24.88,17475
24.89,16975
24.9,17400
24.91,16900
24.92,16550
24.93,16500
24.94,17450
24.95,16800
24.96,16725
24.97,16200
24.98,17825
24.99,16850
25,16575
25.01,17725
25.02,17575
25.03,16850
25.04,17575
25.05,17325
25.06,17100
25.07,16625
25.08,16325
25.09,16600
25.1,17775
25.11,16525
25.12,16100
25.13,16200
25.14,16850
25.15,16875
25.16,16550
25.17,16550
25.18,16975
25.19,17350
25.2,17125
25.21,16975
25.22,16225
25.23,17800
25.24,17600
25.25,17100
25.26,17200
25.27,17000
25.28,17025
25.29,15500
25.3,16525
25.31,17800
25.32,17050
25.33,15825
25.34,17300
25.35,16925
25.36,16850
25.37,15975
25.38,16900
25.39,16050
25.4,16600
25.41,16300
25.42,16875
25.43,16975
25.44,17150
25.45,16100
25.46,16150
25.47,17350
25.48,17425
25.49,16175
25.5,16950
25.51,16500
25.52,16175
25.53,16550
25.54,16450
25.55,16400
25.56,15875
25.57,16625
25.58,16675
25.59,16875
25.6,16875
25.61,15850
25.62,18375
25.63,16950
25.64,17775
25.65,17025
25.66,16025
25.67,17200
25.68,16800
25.69,16250
25.7,16675
25.71,16525
25.72,16500
25.73,16000
25.74,16950
25.75,17950
25.76,18500
25.77,16675
25.78,17175
25.79,16125
25.8,17175
25.81,17025
25.82,16450
25.83,17125
25.84,16700
25.85,17275
25.86,16450
25.87,16700
25.88,17225
25.89,16050
25.9,16025
25.91,16450
25.92,17200
25.93,17425
25.94,16775
25.95,16975
25.96,16775
25.97,15650
25.98,17300
25.99,16950
26,16700
26.01,16750
26.02,16675
26.03,16175
26.04,16550
26.05,16550
26.06,16300
26.07,16450
26.08,16575
26.09,16600
26.1,17300
26.11,15850
26.12,17125
26.13,17000
26.14,16850
26.15,15975
26.16,17100
26.17,16275
26.18,17075
26.19,16150
26.2,17650
26.21,16475
26.22,16025
26.23,16575
26.24,16850
26.25,17050
26.26,17050
26.27,16400
26.28,16000
26.29,17375
26.3,17375
26.31,17525
26.32,15750
26.33,17425
26.34,16800
26.35,16350
26.36,16875
26.37,16275
26.38,16125
26.39,15675
26.4,16850
26.41,16100
26.42,16925
26.43,16725
26.44,16575
26.45,17375
26.46,17575
26.47,16625
26.48,15700
26.49,17850
26.5,16975
26.51,17550
26.52,17775
26.53,16575
26.54,16100
26.55,17100
26.56,16275
26.57,17000
26.58,17575
26.59,16750
26.6,17625
26.61,16500
26.62,16900
26.63,17300
26.64,17500
26.65,17150
26.66,17450
26.67,16725
26.68,16725
26.69,18125
26.7,16425
26.71,16525
26.72,16225
26.73,17175
26.74,16725
26.75,17775
26.76,17925
26.77,16575
26.78,16500
26.79,16925
26.8,17450
26.81,17125
26.82,16950
26.83,16225
26.84,17425
26.85,17325
26.86,16550
26.87,16350
26.88,16450
26.89,16750
26.9,16800
26.91,17150
26.92,16900
26.93,18400
26.94,17300
26.95,16175
26.96,17500
26.97,17100
26.98,15325
26.99,16775
27,16225
27.01,16400
27.02,16775
27.03,16600
27.04,16700
27.05,16850
27.06,17925
27.07,16575
27.08,15825
27.09,16000
27.1,16500
27.11,16475
27.12,16050
27.13,16175
27.14,16650
27.15,17375
27.16,16000
27.17,16675
27.18,18175
27.19,17800
27.2,17200
27.21,17300
27.22,17950
27.23,17225
27.24,16325
27.25,17050
27.26,17875
27.27,17075
27.28,17625
27.29,16500
27.3,17550
27.31,17100
27.32,17300
27.33,16075
27.34,14750
27.35,17650
27.36,17650
27.37,17475
27.38,16575
27.39,17550
27.4,17200
27.41,17000
27.42,16625
27.43,16325
27.44,17750
27.45,17025
27.46,17575
27.47,16050
27.48,17725
27.49,16875
27.5,17225
27.51,17575
27.52,15975
27.53,16325
27.54,16350
27.55,17550
27.56,17200
27.57,17350
27.58,15575
27.59,17050
27.6,15275
27.61,16850
27.62,16675
27.63,17025
27.64,16000
27.65,15925
27.66,16725
27.67,16150
27.68,17550
27.69,16800
27.7,16600
27.71,16700
27.72,17800
27.73,17400
27.74,18050
27.75,16575
27.76,17000
27.77,17425
27.78,17775
27.79,16725
27.8,16775
27.81,15650
27.82,16925
27.83,17200
27.84,17425
27.85,17225
27.86,17300
27.87,17450
27.88,17475
27.89,17125
27.9,16650
27.91,16525
27.92,16075
27.93,16000
27.94,18450
27.95,15800
27.96,16750
27.97,16300
27.98,17300
27.99,16875
28,18150
28.01,16800
28.02,17375
28.03,17175
28.04,17850
28.05,18125
28.06,17700
28.07,16600
28.08,16675
28.09,16950
28.1,16775
28.11,16250
28.12,17000
28.13,17550
28.14,17400
28.15,18400
28.16,17100
28.17,17300
28.18,16725
28.19,16350
28.2,16425
28.21,16975
28.22,16150
28.23,16575
28.24,16325
28.25,16700
28.26,16875
28.27,17175
28.28,15975
28.29,17275
28.3,16800
28.31,17600
28.32,16275
28.33,16775
28.34,16800
28.35,15775
28.36,17325
28.37,17275
28.38,17050
28.39,17000
28.4,17050
28.41,16725
28.42,16775
28.43,16800
28.44,16775
28.45,17225
28.46,16275
28.47,17225
28.48,16625
28.49,15750
28.5,16300
28.51,16850
28.52,16300
28.53,17800
28.54,17200
28.55,16300
28.56,17125
28.57,17600
28.58,15700
28.59,17625
28.6,16600
28.61,16725
28.62,17275
28.63,16575
28.64,16650
28.65,18525
28.66,17275
28.67,18050
28.68,17500
28.69,17275
28.7,17950
28.71,16525
28.72,16050
28.73,16900
28.74,16450
28.75,16800
28.76,17325
28.77,17075
28.78,15800
28.79,16175
28.8,17425
28.81,17275
28.82,17225
28.83,16475
28.84,17075
28.85,16425
28.86,15775
28.87,16275
28.88,16250
28.89,18225
28.9,16350
28.91,18025
28.92,17975
28.93,17425
28.94,16550
28.95,15775
28.96,16950
28.97,17050
28.98,17500
28.99,17050
29,16125
29.01,16300
29.02,17475
29.03,16925
29.04,17175
29.05,16425
29.06,17200
29.07,17375
29.08,17375
29.09,17175
29.1,16175
29.11,17325
29.12,15800
29.13,16325
29.14,16000
29.15,17175
29.16,16575
29.17,17300
29.18,17875
29.19,15725
29.2,15500
29.21,17475
29.22,16425
29.23,15900
29.24,16075
29.25,16625
29.26,15375
29.27,15750
29.28,17400
29.29,15900
29.3,15900
29.31,17450
29.32,16575
29.33,17100
29.34,16525
29.35,18150
29.36,17450
29.37,17350
29.38,16750
29.39,16225
29.4,18050
29.41,17175
29.42,16525
29.43,17575
29.44,17300
29.45,17950
29.46,16750
29.47,17150
29.48,16625
29.49,16050
29.5,16675
29.51,16950
29.52,17025
29.53,15900
29.54,17125
29.55,18375
29.56,17500
29.57,17725
29.58,16875
29.59,16675
29.6,16200
29.61,17375
29.62,16775
29.63,16850
29.64,16750
29.65,16350
29.66,17275
29.67,17200
29.68,16125
29.69,16750
29.7,16225
29.71,16575
29.72,17375
29.73,17275
29.74,16025
29.75,16775
29.76,15925
29.77,16450
29.78,16550
29.79,16200
29.8,16125
29.81,15975
29.82,16450
29.83,15450
29.84,16025
29.85,16075
29.86,17550
29.87,17025
29.88,17625
29.89,17550
29.9,17425
29.91,17350
29.92,17500
29.93,16575
29.94,17550
29.95,17175
29.96,16650
29.97,16550
29.98,16250
29.99,16400
30,17100
30.01,16250
30.02,15700
30.03,16300
30.04,16325
30.05,16300
30.06,16350
30.07,15550
30.08,17050
30.09,16175
30.1,16725
30.11,16400
30.12,16025
30.13,17200
30.14,17425
30.15,17100
30.16,16200
30.17,16575
30.18,16225
30.19,16500
30.2,17825
30.21,17075
30.22,17025
30.23,17350
30.24,15700
30.25,16400
30.26,17750
30.27,16275
30.28,16675
30.29,16150
30.3,16800
30.31,16350
30.32,17000
30.33,16225
30.34,16500
30.35,16475
30.36,17275
30.37,16875
30.38,16875
30.39,16550
30.4,15575
30.41,17775
30.42,17650
30.43,16800
30.44,16000
30.45,17125
30.46,16925
30.47,17525
30.48,16175
30.49,17200
30.5,17125
30.51,16625
30.52,16625
30.53,16800
30.54,16800
30.55,17225
30.56,17625
30.57,16625
30.58,16925
30.59,17375
30.6,16225
30.61,16275
30.62,16950
30.63,18000
30.64,16525
30.65,15900
30.66,16625
30.67,17775
30.68,16925
30.69,16725
30.7,16425
30.71,16025
30.72,16950
30.73,16050
30.74,17400
30.75,16550
30.76,16925
30.77,16400
30.78,16275
30.79,16000
30.8,15325
30.81,15875
30.82,16800
30.83,16675
30.84,17450
30.85,17150
30.86,16325
30.87,16950
30.88,16300
30.89,15975
30.9,16450
30.91,16500
30.92,17525
30.93,16550
30.94,16100
30.95,16500
30.96,15975
30.97,15625
30.98,16300
30.99,14550
31,16025
31.01,16250
31.02,16750
31.03,17925
31.04,17350
31.05,16475
31.06,16275
31.07,16325
31.08,16525
31.09,17175
31.1,16125
31.11,15500
31.12,16950
31.13,16325
31.14,17050
31.15,17725
31.16,17425
31.17,16625
31.18,16225
31.19,15875
31.2,16325
31.21,17025
31.22,16775
31.23,16775
31.24,15500
31.25,17200
31.26,17925
31.27,17100
31.28,16900
31.29,16575
31.3,16750
31.31,16350
31.32,16400
31.33,17375
31.34,17200
31.35,15725
31.36,16950
31.37,16800
31.38,16625
31.39,16025
31.4,16675
31.41,15400
31.42,16525
31.43,16875
31.44,17075
31.45,16075
31.46,16550
31.47,16300
31.48,16500
31.49,16250
31.5,16500
31.51,16725
31.52,16100
31.53,16925
31.54,16975
31.55,16050
31.56,16625
31.57,16050
31.58,16525
31.59,17500
31.6,16200
31.61,17300
31.62,16650
31.63,16450
31.64,16750
31.65,17350
31.66,16900
31.67,16150
31.68,16050
31.69,16250
31.7,17350
31.71,17200
31.72,15425
31.73,15475
31.74,15775
31.75,16225
31.76,16625
31.77,17525
31.78,15850
31.79,17000
31.8,16575
31.81,16650
31.82,16250
31.83,16950
31.84,16450
31.85,17225
31.86,16300
31.87,16575
31.88,16925
31.89,17550
31.9,16275
31.91,17200
31.92,16100
31.93,16175
31.94,16725
31.95,18175
31.96,16925
31.97,16600
31.98,16050
31.99,16750
32,16500
32.01,17425
32.02,16250
32.03,16725
32.04,15625
32.05,16725
32.06,16950
32.07,15825
32.08,16675
32.09,17700
32.1,16700
32.11,16475
32.12,16425
32.13,17150
32.14,16725
32.15,16625
32.16,17275
32.17,17325
32.18,17725
32.19,17450
32.2,17125
32.21,17400
32.22,17225
32.23,16950
32.24,16675
32.25,16900
32.26,16500
32.27,18025
32.28,16050
32.29,16275
32.3,16625
32.31,17600
32.32,15650
32.33,17150
32.34,15775
32.35,16900
32.36,16625
32.37,18300
32.38,16250
32.39,16275
32.4,16325
32.41,17075
32.42,15725
32.43,15800
32.44,17050
32.45,16950
32.46,16800
32.47,16925
32.48,17325
32.49,15875
32.5,15450
32.51,16300
32.52,17225
32.53,16675
32.54,17650
32.55,16975
32.56,16300
32.57,15425
32.58,16550
32.59,15375
32.6,17025
32.61,18250
32.62,16475
32.63,16700
32.64,16350
32.65,16425
32.66,16875
32.67,16900
32.68,17700
32.69,16525
32.7,16200
32.71,16550
32.72,16300
32.73,16200
32.74,16450
32.75,17400
32.76,17750
32.77,17000
32.78,15550
32.79,16475
32.8,15575
32.81,16900
32.82,16800
32.83,16975
32.84,17350
32.85,17450
32.86,16075
32.87,16675
32.88,16975
32.89,16150
32.9,17025
32.91,16000
32.92,17050
32.93,16225
32.94,17300
32.95,16900
32.96,16700
32.97,16875
32.98,16425
32.99,17650
33,17125
33.01,17200
33.02,16975
33.03,16725
33.04,16050
33.05,16700
33.06,17550
33.07,17400
33.08,17025
33.09,16800
33.1,17225
33.11,16950
33.12,16325
33.13,16550
33.14,15825
33.15,16350
33.16,16425
33.17,16400
33.18,17225
33.19,17150
33.2,16000
33.21,17875
33.22,17425
33.23,16925
33.24,16875
33.25,16725
33.26,16850
33.27,16750
33.28,16050
33.29,16350
33.3,16900
33.31,16325
33.32,17525
33.33,17175
33.34,16775
33.35,16600
33.36,17550
33.37,17175
33.38,17800
33.39,17900
33.4,18800
33.41,19125
33.42,18575
33.43,18600
33.44,18500
33.45,18575
33.46,19125
33.47,19775
33.48,19175
33.49,20725
33.5,21375
33.51,20550
33.52,21350
33.53,22150
33.54,22200
33.55,22300
33.56,23825
33.57,22650
33.58,23875
33.59,23050
33.6,23850
33.61,23625
33.62,23925
33.63,21700
33.64,23625
33.65,22300
33.66,23100
33.67,20950
33.68,22125
33.69,20150
33.7,20800
33.71,20850
33.72,19300
33.73,19150
33.74,17750
33.75,18950
33.76,18500
33.77,18000
33.78,16775
33.79,18125
33.8,18725
33.81,16500
33.82,18400
33.83,17200
33.84,18350
33.85,17300
33.86,16950
33.87,17425
33.88,16700
33.89,17075
33.9,16350
33.91,17600
33.92,17100
33.93,18050
33.94,18000
33.95,16950
33.96,17500
33.97,16600
33.98,17525
33.99,16450
34,17225
34.01,17425
34.02,16900
34.03,16325
34.04,17225
34.05,17050
34.06,16475
34.07,17875
34.08,16600
34.09,16925
34.1,15900
34.11,16000
34.12,16775
34.13,16800
34.14,17375
34.15,16900
34.16,17400
34.17,17950
34.18,16850
34.19,17200
34.2,16875
34.21,16575
34.22,16925
34.23,17450
34.24,16800
34.25,16775
34.26,16725
34.27,16700
34.28,17450
34.29,16725
34.3,17500
34.31,16850
34.32,18325
34.33,17650
34.34,17450
34.35,16650
34.36,18625
34.37,17425
34.38,18850
34.39,17875
34.4,16300
34.41,18525
34.42,17375
34.43,17500
34.44,17200
34.45,17150
34.46,17350
34.47,17500
34.48,17500
34.49,18600
34.5,19075
34.51,18475
34.52,17625
34.53,18475
34.54,19200
34.55,18725
34.56,21325
34.57,19925
34.58,20525
34.59,19650
34.6,20125
34.61,19900
34.62,20400
34.63,20500
34.64,20050
34.65,18500
34.66,21675
34.67,20425
34.68,20450
34.69,18375
34.7,19150
34.71,18400
34.72,17875
34.73,18400
34.74,17575
34.75,18475
34.76,18200
34.77,17525
34.78,17300
34.79,18350
34.8,17025
34.81,17325
34.82,17325
34.83,18200
34.84,17700
34.85,17775
34.86,17275
34.87,16750
34.88,16800
34.89,16975
34.9,17050
34.91,18300
34.92,17700
34.93,17750
34.94,17625
34.95,17075
34.96,15975
34.97,16125
34.98,16325
34.99,16725
35,18325
35.01,17750
35.02,16850
35.03,17550
35.04,16975
35.05,17625
35.06,16625
35.07,17150
35.08,16075
35.09,17000
35.1,16600
35.11,16625
35.12,16850
35.13,17100
35.14,17075
35.15,16850
35.16,17300
35.17,16750
35.18,17300
35.19,17275
35.2,16875
35.21,16125
35.22,16225
35.23,16600
35.24,16475
35.25,18125
35.26,17075
35.27,17300
35.28,16200
35.29,16700
35.3,17000
35.31,16650
35.32,16875
35.33,16325
35.34,16550
35.35,15750
35.36,16075
35.37,16000
35.38,16125
35.39,17025
35.4,16900
35.41,17200
35.42,16900
35.43,18175
35.44,16850
35.45,17350
35.46,16175
35.47,16475
35.48,16875
35.49,15875
35.5,16575
35.51,15850
35.52,16725
35.53,17375
35.54,17000
35.55,17075
35.56,15150
35.57,17075
35.58,16300
35.59,17550
35.6,16950
35.61,17200
35.62,16225
35.63,16600
35.64,16225
35.65,17100
35.66,16900
35.67,15675
35.68,16425
35.69,16975
35.7,16500
35.71,15975
35.72,16875
35.73,17350
35.74,16175
35.75,17625
35.76,16900
35.77,16300
35.78,16350
35.79,16800
35.8,17225
35.81,16025
35.82,16500
35.83,17600
35.84,17025
35.85,17100
35.86,17000
35.87,16525
35.88,16225
35.89,16100
35.9,16950
35.91,16875
35.92,15625
35.93,16600
35.94,16850
35.95,16900
35.96,16425
35.97,17325
35.98,16225
35.99,16075
36,15975
36.01,15725
36.02,16450
36.03,15775
36.04,16325
36.05,16600
36.06,15850
36.07,16800
36.08,17150
36.09,15900
36.1,16425
36.11,15975
36.12,16700
36.13,17050
36.14,17100
36.15,16850
36.16,18125
36.17,15600
36.18,16225
36.19,16675
36.2,16450
36.21,16300
36.22,17275
36.23,15700
36.24,17700
36.25,16475
36.26,15775
36.27,16950
36.28,16250
36.29,17100
36.3,17000
36.31,16050
36.32,16350
36.33,16675
36.34,17125
36.35,17225
36.36,16725
36.37,16900
36.38,17425
36.39,17100
36.4,15400
36.41,16350
36.42,16775
36.43,17500
36.44,16425
36.45,16425
36.46,15600
36.47,17150
36.48,16700
36.49,16875
36.5,18000
36.51,16975
36.52,16525
36.53,15475
36.54,16050
36.55,17275
36.56,16300
36.57,15550
36.58,15825
36.59,16200
36.6,16725
36.61,16450
36.62,15225
36.63,15900
36.64,16150
36.65,16325
36.66,16000
36.67,17075
36.68,16500
36.69,16000
36.7,15275
36.71,16325
36.72,15500
36.73,15725
36.74,16950
36.75,16700
36.76,16875
36.77,16425
36.78,16075
36.79,17400
36.8,16675
36.81,16075
36.82,16500
36.83,16525
36.84,16725
36.85,16250
36.86,16650
36.87,16200
36.88,17525
36.89,15600
36.9,16650
36.91,15900
36.92,16500
36.93,18575
36.94,16225
36.95,17000
36.96,16450
36.97,17175
36.98,15350
36.99,16450
37,16775
37.01,16050
37.02,17050
37.03,17325
37.04,16100
37.05,17425
37.06,17225
37.07,16850
37.08,15825
37.09,15850
37.1,16575
37.11,15425
37.12,16950
37.13,16550
37.14,16500
37.15,16725
37.16,16800
37.17,16425
37.18,16300
37.19,17600
37.2,17375
37.21,16250
37.22,17200
37.23,15550
37.24,16025
37.25,17975
37.26,17125
37.27,17300
37.28,14775
37.29,16350
37.3,15875
37.31,15575
37.32,16775
37.33,16875
37.34,16725
37.35,16350
37.36,15725
37.37,16175
37.38,16775
37.39,16275
37.4,16900
37.41,16475
37.42,16875
37.43,17000
37.44,16900
37.45,15825
37.46,17225
37.47,16050
37.48,16525
37.49,14975
37.5,15200
37.51,16775
37.52,16650
37.53,17050
37.54,16725
37.55,16200
37.56,16225
37.57,17650
37.58,16950
37.59,17900
37.6,17375
37.61,16850
37.62,15900
37.63,16900
37.64,16050
37.65,16325
37.66,15975
37.67,16225
37.68,16175
37.69,16475
37.7,17450
37.71,17000
37.72,16350
37.73,16550
37.74,16600
37.75,16575
37.76,16750
37.77,17350
37.78,16750
37.79,17500
37.8,17425
37.81,15825
37.82,16725
37.83,15825
37.84,16350
37.85,16400
37.86,17225
37.87,17300
37.88,16700
37.89,16250
37.9,16775
37.91,15850
37.92,16800
37.93,16475
37.94,16400
37.95,17825
37.96,16400
37.97,16150
37.98,16725
37.99,16225
38,15875
38.01,15600
38.02,16025
38.03,16025
38.04,17775
38.05,16425
38.06,16575
38.07,17025
38.08,16875
38.09,15725
38.1,16700
38.11,15775
38.12,16900
38.13,16200
38.14,16475
38.15,16875
38.16,16350
38.17,17125
38.18,16250
38.19,16750
38.2,15550
38.21,16800
38.22,17175
38.23,16500
38.24,15850
38.25,14925
38.26,16500
38.27,16775
38.28,16025
38.29,16550
38.3,16300
38.31,16775
38.32,16900
38.33,16700
38.34,16625
38.35,16925
38.36,16800
38.37,16475
38.38,16975
38.39,16975
38.4,16975
38.41,16475
38.42,16675
38.43,16625
38.44,17100
38.45,16275
38.46,17200
38.47,16475
38.48,16650
38.49,17850
38.5,16575
38.51,16925
38.52,17150
38.53,15875
38.54,16850
38.55,16250
38.56,16650
38.57,16675
38.58,17125
38.59,15850
38.6,16175
38.61,16700
38.62,17550
38.63,17125
38.64,16350
38.65,15575
38.66,16400
38.67,16975
38.68,16850
38.69,16025
38.7,16125
38.71,16325
38.72,16100
38.73,17850
38.74,16600
38.75,17400
38.76,18125
38.77,16575
38.78,16050
38.79,16550
38.8,15800
38.81,16125
38.82,17150
38.83,16675
38.84,17125
38.85,15875
38.86,16350
38.87,16325
38.88,17850
38.89,16650
38.9,16775
38.91,16800
38.92,16550
38.93,18675
38.94,17475
38.95,17400
38.96,17025
38.97,18000
38.98,16550
38.99,17100
39,17125
39.01,17300
39.02,16300
39.03,16850
39.04,17925
39.05,17425
39.06,15850
39.07,16975
39.08,16700
39.09,16200
39.1,16000
39.11,16350
39.12,16300
39.13,15975
39.14,15975
39.15,16000
39.16,16175
39.17,17075
39.18,16550
39.19,16975
39.2,16975
39.21,16900
39.22,15450
39.23,16100
39.24,15325
39.25,16075
39.26,17875
39.27,17025
39.28,16425
39.29,16800
39.3,17275
39.31,17025
39.32,17100
39.33,15425
39.34,16125
39.35,15650
39.36,16325
39.37,15825
39.38,17050
39.39,17000
39.4,17500
39.41,17375
39.42,17900
39.43,16425
39.44,17100
39.45,16075
39.46,16775
39.47,17050
39.48,17200
39.49,16650
39.5,16425
39.51,16450
39.52,16925
39.53,17425
39.54,15750
39.55,16475
39.56,15900
39.57,15625
39.58,16400
39.59,17600
39.6,16600
39.61,15700
39.62,15750
39.63,17775
39.64,17525
39.65,16025
39.66,15900
39.67,16350
39.68,17575
39.69,16050
39.7,17525
39.71,16075
39.72,15900
39.73,15875
39.74,17100
39.75,16025
39.76,15725
39.77,17800
39.78,18250
39.79,16675
39.8,16925
39.81,15575
39.82,16575
39.83,17125
39.84,16125
39.85,17750
39.86,16850
39.87,17225
39.88,16300
39.89,16850
39.9,17425
39.91,17325
39.92,16750
39.93,17575
39.94,18050
39.95,17450
39.96,17075
39.97,17325
39.98,16450
39.99,18400
40,17575
40.01,17875
40.02,18350
40.03,18075
40.04,17450
40.05,17300
40.06,17600
40.07,17925
40.08,18125
40.09,16800
40.1,18425
40.11,18325
40.12,17650
40.13,17500
40.14,19050
40.15,19175
40.16,18750
40.17,18275
40.18,18125
40.19,19925
40.2,19650
40.21,19375
40.22,21625
40.23,21500
40.24,21625
40.25,21400
40.26,21050
40.27,22800
40.28,23825
40.29,22500
40.3,23625
40.31,23250
40.32,24525
40.33,23250
40.34,22675
40.35,23025
40.36,22250
40.37,21350
40.38,20775
40.39,21450
40.4,21825
40.41,20750
40.42,21350
40.43,20925
40.44,20600
40.45,19250
40.46,20075
40.47,17050
40.48,18775
40.49,17975
40.5,17550
40.51,17725
40.52,18025
40.53,18325
40.54,17900
40.55,17800
40.56,18125
40.57,18625
40.58,17650
40.59,18300
40.6,16400
40.61,16600
40.62,17200
40.63,17550
40.64,17150
40.65,17125
40.66,17950
40.67,17375
40.68,16875
40.69,17750
40.7,17300
40.71,17575
40.72,17175
40.73,16650
40.74,16275
40.75,17100
40.76,18300
40.77,16525
40.78,16750
40.79,16525
40.8,16775
40.81,16750
40.82,16500
40.83,16600
40.84,16575
40.85,16575
40.86,15700
40.87,17350
40.88,16700
40.89,17400
40.9,16950
40.91,16850
40.92,17300
40.93,17550
40.94,16350
40.95,16275
40.96,17325
40.97,16650
40.98,17425
40.99,17075
41,17400
41.01,17825
41.02,18575
41.03,16625
41.04,16350
41.05,16100
41.06,17950
41.07,16175
41.08,16400
41.09,15475
41.1,15775
41.11,16625
41.12,16475
41.13,16000
41.14,17075
41.15,16325
41.16,16475
41.17,16600
41.18,17275
41.19,16750
41.2,17200
41.21,17000
41.22,17175
41.23,16900
41.24,16425
41.25,16100
41.26,16575
41.27,17575
41.28,16600
41.29,15325
41.3,17000
41.31,16800
41.32,16050
41.33,15375
41.34,16675
41.35,17525
41.36,16425
41.37,16625
41.38,16650
41.39,17600
41.4,17400
41.41,16675
41.42,16325
41.43,15850
41.44,16250
41.45,16850
41.46,15900
41.47,15850
41.48,16700
41.49,16750
41.5,17400
41.51,16025
41.52,16400
41.53,16675
41.54,16625
41.55,17200
41.56,16475
41.57,16350
41.58,17275
41.59,15925
41.6,16500
41.61,17475
41.62,15750
41.63,16200
41.64,16150
41.65,16325
41.66,17625
41.67,17850
41.68,17425
41.69,16425
41.7,17025
41.71,16025
41.72,16700
41.73,18150
41.74,16350
41.75,16000
41.76,16450
41.77,17025
41.78,16225
41.79,16000
41.8,16100
41.81,16425
41.82,16475
41.83,17350
41.84,16225
41.85,17200
41.86,17225
41.87,16475
41.88,16000
41.89,16875
41.9,16475
41.91,18125
41.92,17225
41.93,16750
41.94,16850
41.95,16800
41.96,16900
41.97,16700
41.98,16925
41.99,17700
42,16000
42.01,17225
42.02,17075
42.03,16075
42.04,16700
42.05,18050
42.06,18200
42.07,17200
42.08,15850
42.09,16200
42.1,16275
42.11,16075
42.12,17350
42.13,16675
42.14,17150
42.15,16650
42.16,16325
42.17,17050
42.18,18400
42.19,17150
42.2,17275
42.21,17325
42.22,16975
42.23,16275
42.24,16975
42.25,16350
42.26,17150
42.27,18150
42.28,16900
42.29,16925
42.3,16875
42.31,16925
42.32,16425
42.33,16700
42.34,17550
42.35,18025
42.36,16525
42.37,18675
42.38,18300
42.39,16850
42.4,16850
42.41,18850
42.42,17000
42.43,16100
42.44,16600
42.45,16975
42.46,17350
42.47,18225
42.48,17950
42.49,16950
42.5,18000
42.51,17825
42.52,18700
42.53,16450
42.54,18950
42.55,16650
42.56,16925
42.57,17375
42.58,17300
42.59,17425
42.6,17000
42.61,16325
42.62,17075
42.63,16650
42.64,16500
42.65,17025
42.66,16675
42.67,15875
42.68,17150
42.69,16675
42.7,16250
42.71,17000
42.72,16500
42.73,16525
42.74,17100
42.75,16325
42.76,16475
42.77,16125
42.78,17875
42.79,17375
42.8,16625
42.81,16475
42.82,17175
42.83,17450
42.84,16400
42.85,16075
42.86,16425
42.87,17125
42.88,17650
42.89,17600
42.9,17400
42.91,15825
42.92,17200
42.93,15400
42.94,16250
42.95,15700
42.96,16325
42.97,16500
42.98,16725
42.99,17175
43,16500
43.01,16575
43.02,17400
43.03,15750
43.04,16400
43.05,15675
43.06,15850
43.07,16450
43.08,17100
43.09,16200
43.1,16175
43.11,17300
43.12,16500
43.13,16925
43.14,17000
43.15,15900
43.16,16325
43.17,16025
43.18,16775
43.19,15975
43.2,15275
43.21,16800
43.22,16150
43.23,15800
43.24,16500
43.25,16525
43.26,16200
43.27,15900
43.28,16025
43.29,16475
43.3,17050
43.31,17425
43.32,17100
43.33,17050
43.34,17850
43.35,16475
43.36,15425
43.37,15875
43.38,16775
43.39,17075
43.4,17575
43.41,16800
43.42,16925
43.43,15600
43.44,16575
43.45,15675
43.46,16675
43.47,16900
43.48,16350
43.49,16700
43.5,17100
43.51,16475
43.52,18475
43.53,15650
43.54,16300
43.55,17000
43.56,16700
43.57,15675
43.58,16700
43.59,16800
43.6,15775
43.61,17125
43.62,16900
43.63,15300
43.64,14900
43.65,16050
43.66,16775
43.67,16900
43.68,16225
43.69,16500
43.7,16575
43.71,17125
43.72,17075
43.73,17000
43.74,16550
43.75,15725
43.76,16525
43.77,16500
43.78,16900
43.79,16325
43.8,15975
43.81,16800
43.82,17450
43.83,15475
43.84,16175
43.85,17200
43.86,17775
43.87,16500
43.88,16625
43.89,16875
43.9,16850
43.91,16900
43.92,16175
43.93,17025
43.94,16475
43.95,16400
43.96,16575
43.97,16500
43.98,16975
43.99,17550
44,16400
44.01,16800
44.02,16950
44.03,16075
44.04,16250
44.05,15575
44.06,16850
44.07,15550
44.08,16675
44.09,17350
44.1,16900
44.11,16325
44.12,15850
44.13,15925
44.14,16950
44.15,16075
44.16,16450
44.17,17375
44.18,15800
44.19,17950
44.2,17325
44.21,16050
44.22,17700
44.23,16400
44.24,17075
44.25,17275
44.26,17275
44.27,17025
44.28,17275
44.29,16625
44.3,17525
44.31,16700
44.32,16250
44.33,17450
44.34,17650
44.35,16425
44.36,15725
44.37,17525
44.38,16575
44.39,16200
44.4,17350
44.41,15925
44.42,16525
44.43,16000
44.44,15875
44.45,16275
44.46,16500
44.47,16750
44.48,17075
44.49,15875
44.5,14950
44.51,15775
44.52,16400
44.53,15025
44.54,16850
44.55,17000
44.56,16525
44.57,17300
44.58,16850
44.59,15825
44.6,15875
44.61,17300
44.62,16550
44.63,15925
44.64,16325
44.65,16500
44.66,16200
44.67,16450
44.68,17525
44.69,16150
44.7,17375
44.71,15625
44.72,16325
44.73,16550
44.74,16700
44.75,16550
44.76,16975
44.77,16850
44.78,15875
44.79,16700
44.8,16775
44.81,17325
44.82,15650
44.83,16875
44.84,17100
44.85,16175
44.86,16850
44.87,17450
44.88,17450
44.89,16525
44.9,16325
44.91,17400
44.92,17525
44.93,16025
44.94,17475
44.95,16925
44.96,17575
44.97,16875
44.98,15875
44.99,16175
45,16775
45.01,16950
45.02,15850
45.03,16425
45.04,16350
45.05,17575
45.06,17175
45.07,17300
45.08,16450
45.09,17450
45.1,16875
45.11,16075
45.12,16650
45.13,16325
45.14,16800
45.15,17075
45.16,16450
45.17,16875
45.18,15500
45.19,17225
45.2,16225
45.21,16250
45.22,16600
45.23,16450
45.24,16725
45.25,16750
45.26,15425
45.27,17350
45.28,16725
45.29,16350
45.3,15850
45.31,15775
45.32,16550
45.33,17200
45.34,17325
45.35,16525
45.36,16775
45.37,15900
45.38,16450
45.39,16700
45.4,16725
45.41,16675
45.42,16250
45.43,17350
45.44,17350
45.45,16275
45.46,17050
45.47,16025
45.48,16800
45.49,16800
45.5,15875
45.51,17125
45.52,17450
45.53,16175
45.54,16300
45.55,16500
45.56,17475
45.57,16550
45.58,16600
45.59,16250
45.6,16575
45.61,16750
45.62,15925
45.63,17375
45.64,17725
45.65,16525
45.66,16400
45.67,17425
45.68,15675
45.69,16800
45.7,16875
45.71,17575
45.72,17275
45.73,15400
45.74,16700
45.75,16300
45.76,16550
45.77,17125
45.78,16700
45.79,15925
45.8,16850
45.81,17625
45.82,17825
45.83,17100
45.84,17000
45.85,15875
45.86,16400
45.87,16600
45.88,16650
45.89,16925
45.9,16925
45.91,16475
45.92,16100
45.93,16475
45.94,17225
45.95,15625
45.96,16550
45.97,17575
45.98,15925
45.99,16300
46,16075
46.01,16925
46.02,15200
46.03,15900
46.04,16550
46.05,16600
46.06,16275
46.07,17350
46.08,17325
46.09,16800
46.1,16450
46.11,17450
46.12,17350
46.13,16525
46.14,16500
46.15,16575
46.16,16725
46.17,16600
46.18,16500
46.19,16775
46.2,15200
46.21,16900
46.22,16275
46.23,16650
46.24,17225
46.25,16225
46.26,16275
46.27,17400
46.28,16775
46.29,15975
46.3,16850
46.31,16800
46.32,15500
46.33,17075
46.34,16675
46.35,17825
46.36,16225
46.37,17100
46.38,16850
46.39,16100
46.4,17550
46.41,16725
46.42,16150
46.43,16050
46.44,17125
46.45,16700
46.46,16200
46.47,16500
46.48,16700
46.49,17550
46.5,16600
46.51,16275
46.52,16575
46.53,17200
46.54,17275
46.55,16675
46.56,16900
46.57,16625
46.58,16925
46.59,16350
46.6,16300
46.61,16500
46.62,16050
46.63,17075
46.64,16350
46.65,16800
46.66,15600
46.67,15125
46.68,17850
46.69,16850
46.7,16450
46.71,16475
46.72,16775
46.73,16900
46.74,16725
46.75,17350
46.76,16650
46.77,16275
46.78,16100
46.79,18125
46.8,17350
46.81,16850
46.82,17650
46.83,16325
46.84,16075
46.85,17450
46.86,16575
46.87,17625
46.88,17275
46.89,16200
46.9,16400
46.91,16675
46.92,17350
46.93,15725
46.94,17150
46.95,16875
46.96,16650
46.97,17275
46.98,16925
46.99,16575
47,17650
47.01,16875
47.02,17925
47.03,16550
47.04,15500
47.05,16725
47.06,16850
47.07,16650
47.08,17175
47.09,16850
47.1,16175
47.11,16450
47.12,16125
47.13,15900
47.14,15825
47.15,16575
47.16,16725
47.17,16675
47.18,17925
47.19,16725
47.2,16050
47.21,16400
47.22,16250
47.23,15400
47.24,16625
47.25,17225
47.26,16175
47.27,16600
47.28,17875
47.29,17075
47.3,16725
47.31,16950
47.32,17725
47.33,16975
47.34,16700
47.35,16600
47.36,16950
47.37,16850
47.38,16350
47.39,15900
47.4,15800
47.41,16275
47.42,17275
47.43,17575
47.44,16550
47.45,16975
47.46,17475
47.47,17575
47.48,17050
47.49,17175
47.5,17725
47.51,17000
47.52,17350
47.53,16575
47.54,15900
47.55,16125
47.56,16250
47.57,16000
47.58,15075
47.59,17175
47.6,16975
47.61,17150
47.62,17625
47.63,16525
47.64,16800
47.65,17400
47.66,16925
47.67,17000
47.68,16725
47.69,16525
47.7,16525
47.71,16075
47.72,16325
47.73,16450
47.74,16650
47.75,16675
47.76,16900
47.77,17375
47.78,17450
47.79,16800
47.8,16500
47.81,16625
47.82,16550
47.83,17600
47.84,18050
47.85,16325
47.86,16900
47.87,16900
47.88,16550
47.89,16450
47.9,15425
47.91,16775
47.92,17300
47.93,17400
47.94,16925
47.95,16300
47.96,17500
47.97,16125
47.98,16775
47.99,17550
48,16250
48.01,15875
48.02,17625
48.03,17850
48.04,17525
48.05,17800
48.06,16125
48.07,15475
48.08,17225
48.09,17150
48.1,16850
48.11,15325
48.12,16525
48.13,15800
48.14,15725
48.15,16000
48.16,16025
48.17,17200
48.18,17950
48.19,17475
48.2,17325
48.21,16400
48.22,17700
48.23,16775
48.24,16700
48.25,17375
48.26,17825
48.27,17500
48.28,16325
48.29,17600
48.3,17650
48.31,17825
48.32,15225
48.33,16875
48.34,16750
48.35,18750
48.36,17275
48.37,17575
48.38,17500
48.39,16875
48.4,16975
48.41,16950
48.42,16600
48.43,16150
48.44,17575
48.45,17375
48.46,17750
48.47,17100
48.48,17325
48.49,17550
48.5,17275
48.51,17125
48.52,17475
48.53,17400
48.54,17750
48.55,16900
48.56,17325
48.57,17875
48.58,17125
48.59,17000
48.6,18225
48.61,18400
48.62,17575
48.63,18575
48.64,17825
48.65,17850
48.66,18125
48.67,19100
48.68,19050
48.69,17400
48.7,18575
48.71,18750
48.72,20050
48.73,17800
48.74,19975
48.75,20725
48.76,19900
48.77,20050
48.78,21150
48.79,20750
48.8,21425
48.81,22150
48.82,23075
48.83,23150
48.84,23075
48.85,24675
48.86,24250
48.87,25750
48.88,26125
48.89,27500
48.9,27125
48.91,27275
48.92,27300
48.93,26950
48.94,26400
48.95,26625
48.96,26175
48.97,24775
48.98,25225
48.99,24750
49,24475
49.01,24825
49.02,24050
49.03,23975
49.04,24875
49.05,23100
49.06,23575
49.07,23425
49.08,21900
49.09,21050
49.1,20175
49.11,21200
49.12,20100
49.13,18475
49.14,19925
49.15,19100
49.16,18325
49.17,18625
49.18,17500
49.19,18425
49.2,17175
49.21,16775
49.22,16975
49.23,18025
49.24,18050
49.25,19000
49.26,17525
49.27,17000
49.28,16500
49.29,16525
49.3,18175
49.31,16975
49.32,15750
49.33,18050
49.34,17525
49.35,18175
49.36,17400
49.37,17300
49.38,18150
49.39,16425
49.4,16850
49.41,17650
49.42,16875
49.43,16800
49.44,17225
49.45,16650
49.46,16650
49.47,16600
49.48,16275
49.49,16350
49.5,15775
49.51,16575
49.52,18575
49.53,17000
49.54,17050
49.55,16450
49.56,16200
49.57,15875
49.58,17100
49.59,17700
49.6,16775
49.61,17575
49.62,16275
49.63,17000
49.64,16400
49.65,17050
49.66,17050
49.67,17600
49.68,16425
49.69,16975
49.7,17275
49.71,16950
49.72,16775
49.73,15700
49.74,17575
49.75,17625
49.76,16525
49.77,16750
49.78,16975
49.79,16575
49.8,17425
49.81,17075
49.82,16075
49.83,16925
49.84,16175
49.85,16500
49.86,17025
49.87,16050
49.88,17000
49.89,15750
49.9,16875
49.91,16075
49.92,17300
49.93,15925
49.94,16075
49.95,15475
49.96,16300
49.97,16400
49.98,17350
49.99,17325
50,16500
50.01,17175
50.02,16575
50.03,16325
50.04,15425
50.05,16900
50.06,16575
50.07,16650
50.08,17000
50.09,16975
50.1,16350
50.11,17100
50.12,16750
50.13,16775
50.14,17125
50.15,16975
50.16,17050
50.17,16775
50.18,16875
50.19,17100
50.2,17375
50.21,16200
50.22,16600
50.23,15575
50.24,16350
50.25,16850
50.26,16600
50.27,17925
50.28,17000
50.29,16225
50.3,16775
50.31,16725
50.32,16900
50.33,16550
50.34,17175
50.35,17825
50.36,16850
50.37,17275
50.38,14900
50.39,16850
50.4,17200
50.41,16700
50.42,17050
50.43,16775
50.44,17050
50.45,15475
50.46,16925
50.47,17950
50.48,16875
50.49,16525
50.5,16275
50.51,16500
50.52,16025
50.53,16925
50.54,16550
50.55,17325
50.56,16575
50.57,16600
50.58,17650
50.59,16600
50.6,16800
50.61,16700
50.62,15725
50.63,16300
50.64,16525
50.65,16650
50.66,17000
50.67,16500
50.68,16250
50.69,16725
50.7,16200
50.71,16650
50.72,16350
50.73,16925
50.74,16900
50.75,16425
50.76,17100
50.77,16200
50.78,16800
50.79,16925
50.8,17400
50.81,16550
50.82,16350
50.83,16775
50.84,16850
50.85,16775
50.86,17400
50.87,16625
50.88,15700
50.89,17650
50.9,17425
50.91,17125
50.92,16600
50.93,17225
50.94,16075
50.95,17275
50.96,16800
50.97,17050
50.98,16475
50.99,16775
51,17225
51.01,17100
51.02,17325
51.03,17300
51.04,16225
51.05,16425
51.06,16650
51.07,16750
51.08,16550
51.09,15775
51.1,16300
51.11,16875
51.12,17450
51.13,17775
51.14,16950
51.15,16875
51.16,15975
51.17,16950
51.18,17050
51.19,16775
51.2,16150
51.21,15350
51.22,17000
51.23,15725
51.24,16700
51.25,16975
51.26,16350
51.27,16200
51.28,16450
51.29,17300
51.3,16125
51.31,16550
51.32,17025
51.33,16875
51.34,16750
51.35,15400
51.36,17100
51.37,16750
51.38,17700
51.39,16250
51.4,16600
51.41,17650
51.42,16750
51.43,16725
51.44,17300
51.45,17150
51.46,17225
51.47,17300
51.48,16850
51.49,17075
51.5,17075
51.51,16325
51.52,17125
51.53,16250
51.54,16725
51.55,16425
51.56,17575
51.57,17000
51.58,17350
51.59,16675
51.6,18325
51.61,16900
51.62,16775
51.63,16575
51.64,16575
51.65,17225
51.66,17100
51.67,15900
51.68,16425
51.69,17300
51.7,17200
51.71,17275
51.72,17650
51.73,16575
51.74,16650
51.75,16225
51.76,17700
51.77,16325
51.78,17350
51.79,18000
51.8,16775
51.81,16075
51.82,16600
51.83,16750
51.84,17775
51.85,17025
51.86,17575
51.87,16950
51.88,17050
51.89,16925
51.9,16700
51.91,16275
51.92,17075
51.93,16625
51.94,16525
51.95,16925
51.96,15850
51.97,17050
51.98,15975
51.99,16200
52,17425
52.01,17175
52.02,17075
52.03,16625
52.04,16750
52.05,16350
52.06,16000
52.07,16175
52.08,17175
52.09,16075
52.1,17200
52.11,16750
52.12,16625
52.13,17075
52.14,17025
52.15,16325
52.16,16700
52.17,15725
52.18,17025
52.19,16475
52.2,17475
52.21,16725
52.22,16425
52.23,15400
52.24,16550
52.25,15925
52.26,17400
52.27,17275
52.28,16575
52.29,17275
52.3,16350
52.31,16550
52.32,17050
52.33,16450
52.34,16575
52.35,16725
52.36,16700
52.37,17900
52.38,16850
52.39,16675
52.4,16275
52.41,16400
52.42,16925
52.43,16625
52.44,16700
52.45,17625
52.46,17150
52.47,16725
52.48,16850
52.49,18175
52.5,16800
52.51,16550
52.52,16625
52.53,16800
52.54,16700
52.55,15825
52.56,16525
52.57,15475
52.58,17800
52.59,16950
52.6,16475
52.61,16275
52.62,16275
52.63,17500
52.64,17400
52.65,16725
52.66,16225
52.67,15800
52.68,16200
52.69,16725
52.7,17100
52.71,17450
52.72,17000
52.73,16025
52.74,17225
52.75,17125
52.76,16875
52.77,16675
52.78,17575
52.79,17075
52.8,17375
52.81,16800
52.82,15675
52.83,16950
52.84,17225
52.85,16900
52.86,17150
52.87,17125
52.88,16650
52.89,16500
52.9,16650
52.91,17025
52.92,17825
52.93,17700
52.94,16850
52.95,17625
52.96,16100
52.97,17350
52.98,16975
52.99,17575
53,16725
53.01,17775
53.02,16250
53.03,16300
53.04,16750
53.05,16500
53.06,17025
53.07,17425
53.08,17325
53.09,16575
53.1,16400
53.11,16400
53.12,17550
53.13,17350
53.14,16675
53.15,16075
53.16,16775
53.17,16500
53.18,16800
53.19,17350
53.2,17325
53.21,17475
53.22,16125
53.23,16800
53.24,17475
53.25,16575
53.26,15125
53.27,16175
53.28,17000
53.29,16700
53.3,17400
53.31,17900
53.32,17525
53.33,16800
53.34,17175
53.35,16350
53.36,16750
53.37,17900
53.38,17325
53.39,17000
53.4,17000
53.41,16675
53.42,16600
53.43,16500
53.44,16650
53.45,17750
53.46,18075
53.47,16875
53.48,17225
53.49,16900
53.5,17400
53.51,17375
53.52,16775
53.53,16125
53.54,17725
53.55,16200
53.56,17425
53.57,15400
53.58,16250
53.59,16500
53.6,18000
53.61,16575
53.62,17900
53.63,16475
53.64,18475
53.65,17350
53.66,16875
53.67,17125
53.68,17500
53.69,17275
53.7,16900
53.71,17425
53.72,16525
53.73,15175
53.74,16875
53.75,16200
53.76,16725
53.77,16250
53.78,16450
53.79,15800
53.8,16425
53.81,16875
53.82,17875
53.83,16775
53.84,17000
53.85,15850
53.86,17775
53.87,17375
53.88,16250
53.89,16725
53.9,17025
53.91,17600
53.92,16600
53.93,16625
53.94,15900
53.95,17575
53.96,17400
53.97,17900
53.98,17150
53.99,16350
54,16875
54.01,17050
54.02,17025
54.03,18275
54.04,16775
54.05,17825
54.06,18675
54.07,18400
54.08,17550
54.09,17750
54.1,18425
54.11,17550
54.12,18350
54.13,19550
54.14,18900
54.15,17975
54.16,18475
54.17,18300
54.18,18600
54.19,19150
54.2,19275
54.21,19250
54.22,18750
54.23,19350
54.24,19925
54.25,20500
54.26,19850
54.27,21600
54.28,21400
54.29,20900
54.3,21475
54.31,21525
54.32,22025
54.33,24175
54.34,23775
54.35,24425
54.36,25250
54.37,25950
54.38,26850
54.39,26650
54.4,25300
54.41,26375
54.42,27775
54.43,26875
54.44,26475
54.45,25325
54.46,25075
54.47,23500
54.48,24050
54.49,24950
54.5,25025
54.51,24000
54.52,23175
54.53,24450
54.54,24475
54.55,22750
54.56,22250
54.57,21725
54.58,21375
54.59,21600
54.6,21025
54.61,21725
54.62,21275
54.63,20600
54.64,20650
54.65,19450
54.66,18675
54.67,19450
54.68,19800
54.69,18600
54.7,18625
54.71,18475
54.72,19050
54.73,19275
54.74,18075
54.75,18750
54.76,17725
54.77,17875
54.78,18375
54.79,17175
54.8,18200
54.81,17725
54.82,17300
54.83,17575
54.84,17400
54.85,17100
54.86,17725
54.87,17425
54.88,17050
54.89,18050
54.9,17575
54.91,17400
54.92,17525
54.93,16175
54.94,17550
54.95,18750
54.96,17425
54.97,17550
54.98,17800
54.99,17075
55,18525
55.01,18375
55.02,17050
55.03,18300
55.04,17075
55.05,17425
55.06,16100
55.07,17975
55.08,17050
55.09,16275
55.1,16925
55.11,16775
55.12,17150
55.13,16050
55.14,16700
55.15,16975
55.16,16650
55.17,17600
55.18,16600
55.19,17825
55.2,17775
55.21,16725
55.22,17850
55.23,17325
55.24,16625
55.25,17950
55.26,16750
55.27,17650
55.28,15875
55.29,16700
55.3,17275
55.31,17800
55.32,17125
55.33,16975
55.34,17400
55.35,17725
55.36,17625
55.37,17125
55.38,17275
55.39,16975
55.4,17050
55.41,17300
55.42,16525
55.43,17525
55.44,17450
55.45,17175
55.46,17275
55.47,16900
55.48,17700
55.49,17350
55.5,18400
55.51,17375
55.52,19100
55.53,18225
55.54,17175
55.55,16850
55.56,18475
55.57,18350
55.58,17625
55.59,18275
55.6,18175
55.61,17825
55.62,18725
55.63,18950
55.64,18125
55.65,18875
55.66,18225
55.67,19150
55.68,19675
55.69,18425
55.7,18875
55.71,19900
55.72,19575
55.73,19550
55.74,20325
55.75,20550
55.76,19900
55.77,20825
55.78,20575
55.79,21025
55.8,19525
55.81,21000
55.82,21275
55.83,21650
55.84,21250
55.85,20650
55.86,21625
55.87,21025
55.88,19775
55.89,20525
55.9,21075
55.91,20225
55.92,20975
55.93,19650
55.94,20925
55.95,20250
55.96,19675
55.97,19800
55.98,20225
55.99,19900
56,20025
56.01,19600
56.02,18825
56.03,18400
56.04,18925
56.05,17825
56.06,18075
56.07,17700
56.08,18125
56.09,17425
56.1,17775
56.11,17825
56.12,18250
56.13,18325
56.14,17325
56.15,17525
56.16,17500
56.17,17900
56.18,17125
56.19,17900
56.2,16700
56.21,18200
56.22,17875
56.23,17550
56.24,17175
56.25,16800
56.26,17075
56.27,17350
56.28,17350
56.29,16950
56.3,16525
56.31,17875
56.32,18400
56.33,16925
56.34,15875
56.35,17175
56.36,17650
56.37,18625
56.38,17600
56.39,17400
56.4,17150
56.41,17100
56.42,16725
56.43,16300
56.44,16700
56.45,16475
56.46,16975
56.47,16800
56.48,16250
56.49,16875
56.5,17075
56.51,16575
56.52,16750
56.53,16250
56.54,16300
56.55,16625
56.56,16000
56.57,15975
56.58,17025
56.59,17050
56.6,16750
56.61,15875
56.62,16675
56.63,18500
56.64,17350
56.65,16900
56.66,15925
56.67,16000
56.68,17075
56.69,16875
56.7,17400
56.71,16875
56.72,17125
56.73,16325
56.74,16550
56.75,17150
56.76,17975
56.77,15775
56.78,16750
56.79,16575
56.8,16325
56.81,16225
56.82,17525
56.83,17200
56.84,16750
56.85,17275
56.86,16000
56.87,17150
56.88,16350
56.89,16700
56.9,18050
56.91,16600
56.92,16875
56.93,18000
56.94,17125
56.95,17175
56.96,16750
56.97,16575
56.98,17350
56.99,17550
57,16850
57.01,16325
57.02,17275
57.03,16550
57.04,16425
57.05,17950
57.06,17175
57.07,17500
57.08,16875
57.09,17275
57.1,16450
57.11,16700
57.12,16950
57.13,16625
57.14,17750
57.15,17825
57.16,17350
57.17,16275
57.18,16775
57.19,17375
57.2,17850
57.21,17350
57.22,16875
57.23,17450
57.24,16650
57.25,15500
57.26,15725
57.27,16975
57.28,17100
57.29,17625
57.3,17625
57.31,17175
57.32,17575
57.33,18175
57.34,16875
57.35,15775
57.36,16300
57.37,17500
57.38,15800
57.39,17050
57.4,17075
57.41,17125
57.42,16900
57.43,17100
57.44,15425
57.45,16600
57.46,17275
57.47,16700
57.48,17125
57.49,17000
57.5,17150
57.51,15325
57.52,16275
57.53,16700
57.54,15975
57.55,16625
57.56,18250
57.57,16225
57.58,16975
57.59,18050
57.6,17875
57.61,16925
57.62,17650
57.63,18075
57.64,16875
57.65,15925
57.66,17300
57.67,17900
57.68,16525
57.69,17325
57.7,16700
57.71,16675
57.72,16175
57.73,16525
57.74,16775
57.75,17525
57.76,16800
57.77,15875
57.78,15825
57.79,16550
57.8,16850
57.81,17100
57.82,16075
57.83,17175
57.84,17750
57.85,17500
57.86,16600
57.87,16225
57.88,15775
57.89,17775
57.9,16025
57.91,16975
57.92,16400
57.93,15375
57.94,15775
57.95,16400
57.96,16550
57.97,17650
57.98,16800
57.99,16950
58,16675
58.01,17450
58.02,16525
58.03,17650
58.04,15675
58.05,16100
58.06,16100
58.07,17775
58.08,16225
58.09,16750
58.1,16000
58.11,17375
58.12,17050
58.13,16975
58.14,16900
58.15,18000
58.16,17525
58.17,16550
58.18,16725
58.19,17750
58.2,16875
58.21,16725
58.22,16525
58.23,17200
58.24,16425
58.25,17050
58.26,17275
58.27,17325
58.28,16350
58.29,17525
58.3,18350
58.31,17125
58.32,16875
58.33,16350
58.34,16750
58.35,16700
58.36,16425
58.37,17125
58.38,17325
58.39,17850
58.4,17100
58.41,17150
58.42,17100
58.43,16400
58.44,18075
58.45,17525
58.46,18125
58.47,17200
58.48,16675
58.49,15700
58.5,16775
58.51,17325
58.52,15900
58.53,16025
58.54,15625
58.55,16775
58.56,17650
58.57,16425
58.58,18000
58.59,15775
58.6,16950
58.61,16575
58.62,16725
58.63,17725
58.64,16700
58.65,18075
58.66,16575
58.67,16200
58.68,16675
58.69,16850
58.7,16275
58.71,17000
58.72,17175
58.73,16950
58.74,16850
58.75,16125
58.76,17200
58.77,17450
58.78,16400
58.79,17075
58.8,16400
58.81,16650
58.82,17025
58.83,16925
58.84,16725
58.85,16150
58.86,17475
58.87,18125
58.88,18525
58.89,17625
58.9,17075
58.91,16675
58.92,16900
58.93,17550
58.94,16700
58.95,17525
58.96,16525
58.97,16750
58.98,17350
58.99,16750
59,16225
59.01,18375
59.02,17650
59.03,18050
59.04,17750
59.05,16700
59.06,18700
59.07,18325
59.08,17775
59.09,16875
59.1,17925
59.11,17875
59.12,17225
59.13,16950
59.14,18600
59.15,16700
59.16,17525
59.17,17075
59.18,17450
59.19,17525
59.2,18675
59.21,18500
59.22,17425
59.23,18500
59.24,17275
59.25,16775
59.26,17550
59.27,18050
59.28,17450
59.29,18125
59.3,17475
59.31,17400
59.32,18050
59.33,16300
59.34,17375
59.35,17225
59.36,17100
59.37,17300
59.38,17750
59.39,17875
59.4,18325
59.41,16650
59.42,17525
59.43,17825
59.44,17575
59.45,16700
59.46,17225
59.47,17300
59.48,16950
59.49,16725
59.5,16950
59.51,17100
59.52,17700
59.53,18125
59.54,17375
59.55,16675
59.56,15825
59.57,17000
59.58,17425
59.59,17100
59.6,16500
59.61,16400
59.62,16650
59.63,16075
59.64,17375
59.65,16700
59.66,17325
59.67,16925
59.68,17600
59.69,16925
59.7,16525
59.71,16325
59.72,16425
59.73,15975
59.74,16575
59.75,17225
59.76,17375
59.77,17850
59.78,17225
59.79,18600
59.8,17125
59.81,17075
59.82,17100
59.83,17500
59.84,15825
59.85,17875
59.86,17150
59.87,17275
59.88,16950
59.89,16400
59.9,17650
59.91,16100
59.92,17200
59.93,17025
59.94,16050
59.95,16550
59.96,17325
59.97,16675
59.98,17350
59.99,16625
60,16625
60.01,17425
60.02,16100
60.03,17100
60.04,17200
60.05,16350
60.06,16950
60.07,17100
60.08,17425
60.09,17650
60.1,16300
60.11,16225
60.12,17100
60.13,16475
60.14,16575
60.15,17225
60.16,17050
60.17,18325
60.18,17150
60.19,18275
60.2,17225
60.21,16400
60.22,17775
60.23,17850
60.24,17475
60.25,17400
60.26,16300
60.27,16275
60.28,17050
60.29,17900
60.3,17000
60.31,17225
60.32,16100
60.33,16425
60.34,16500
60.35,16800
60.36,17525
60.37,16150
60.38,15825
60.39,17050
60.4,16675
60.41,16250
60.42,17800
60.43,16800
60.44,17200
60.45,16425
60.46,17725
60.47,16750
60.48,17375
60.49,16850
60.5,17750
60.51,18275
60.52,17550
60.53,18125
60.54,18175
60.55,17025
60.56,16925
60.57,17475
60.58,17950
60.59,17475
60.6,15975
60.61,16275
60.62,17125
60.63,17275
60.64,17425
60.65,18200
60.66,16325
60.67,17200
60.68,16900
60.69,17425
60.7,16500
60.71,17100
60.72,16300
60.73,15875
60.74,16700
60.75,16775
60.76,16600
60.77,16225
60.78,16925
60.79,16200
60.8,17775
60.81,17425
60.82,16500
60.83,17350
60.84,16850
60.85,15825
60.86,17375
60.87,18425
60.88,17700
60.89,17000
60.9,16950
60.91,17325
60.92,17650
60.93,17000
60.94,16700
60.95,17075
60.96,16875
60.97,17375
60.98,17625
60.99,17525
61,16125
61.01,17450
61.02,17225
61.03,16175
61.04,17725
61.05,16925
61.06,18425
61.07,17075
61.08,18225
61.09,19275
61.1,18350
61.11,18150
61.12,19100
61.13,18075
61.14,18650
61.15,17900
61.16,18600
61.17,17050
61.18,18225
61.19,18225
61.2,18825
61.21,20525
61.22,18825
61.23,19675
61.24,19225
61.25,19300
61.26,20075
61.27,18000
61.28,18125
61.29,18600
61.3,19875
61.31,18750
61.32,19225
61.33,17550
61.34,19550
61.35,18925
61.36,17800
61.37,17725
61.38,19375
61.39,18625
61.4,17425
61.41,18650
61.42,18000
61.43,17325
61.44,18600
61.45,18000
61.46,18400
61.47,17925
61.48,17700
61.49,17050
61.5,17550
61.51,18625
61.52,17025
61.53,17400
61.54,16900
61.55,17925
61.56,18300
61.57,18575
61.58,18200
61.59,17025
61.6,16850
61.61,17450
61.62,17700
61.63,17325
61.64,18775
61.65,17275
61.66,17950
61.67,17800
61.68,16800
61.69,17125
61.7,17900
61.71,17050
61.72,16425
61.73,18150
61.74,18175
61.75,18175
61.76,18500
61.77,17900
61.78,18275
61.79,19100
61.8,17850
61.81,18150
61.82,18325
61.83,18325
61.84,19200
61.85,18250
61.86,19300
61.87,19200
61.88,18275
61.89,19850
61.9,18075
61.91,17850
61.92,18250
61.93,18575
61.94,19375
61.95,19325
61.96,17350
61.97,17750
61.98,19450
61.99,19850
62,17925
62.01,19150
62.02,18000
62.03,18300
62.04,19025
62.05,17475
62.06,18300
62.07,18500
62.08,19275
62.09,17600
62.1,17200
62.11,17850
62.12,18525
62.13,17625
62.14,17500
62.15,17950
62.16,16800
62.17,17450
62.18,17425
62.19,18150
62.2,17525
62.21,16500
62.22,16975
62.23,17800
62.24,18225
62.25,17825
62.26,16300
62.27,18125
62.28,17700
62.29,17150
62.3,16150
62.31,18300
62.32,17825
62.33,16575
62.34,16775
62.35,18350
62.36,16625
62.37,16675
62.38,16550
62.39,16875
62.4,16125
62.41,17000
62.42,17325
62.43,17650
62.44,16625
62.45,15900
62.46,16875
62.47,16725
62.48,16775
62.49,16625
62.5,16975
62.51,16075
62.52,15725
62.53,16225
62.54,16350
62.55,16425
62.56,16975
62.57,18300
62.58,17775
62.59,16975
62.6,17075
62.61,16075
62.62,17075
62.63,16100
62.64,16950
62.65,17275
62.66,16350
62.67,17475
62.68,16800
62.69,17325
62.7,17700
62.71,16250
62.72,16575
62.73,16500
62.74,16175
62.75,16575
62.76,16425
62.77,17200
62.78,16800
62.79,17200
62.8,16425
62.81,17150
62.82,17725
62.83,15925
62.84,16850
62.85,16575
62.86,17275
62.87,17650
62.88,16775
62.89,16475
62.9,16450
62.91,15375
62.92,17175
62.93,15925
62.94,16075
62.95,16450
62.96,18000
62.97,16975
62.98,15625
62.99,16775
63,17450
63.01,16800
63.02,16325
63.03,16900
63.04,17825
63.05,16575
63.06,16775
63.07,16950
63.08,17275
63.09,16100
63.1,17075
63.11,17050
63.12,16450
63.13,16725
63.14,16175
63.15,16125
63.16,16925
63.17,16900
63.18,17800
63.19,16475
63.2,16700
63.21,16350
63.22,16025
63.23,16425
63.24,17125
63.25,16100
63.26,17200
63.27,17125
63.28,17050
63.29,17025
63.3,17775
63.31,17150
63.32,17575
63.33,15800
63.34,15675
63.35,16175
63.36,16600
63.37,17950
63.38,18525
63.39,16525
63.4,16175
63.41,16250
63.42,17025
63.43,17425
63.44,16900
63.45,17225
63.46,16425
63.47,16675
63.48,16975
63.49,16850
63.5,16775
63.51,16800
63.52,17400
63.53,16175
63.54,16225
63.55,16250
63.56,17025
63.57,17725
63.58,17800
63.59,16275
63.6,16275
63.61,16875
63.62,16875
63.63,16750
63.64,17575
63.65,16950
63.66,16875
63.67,17000
63.68,16600
63.69,16400
63.7,16800
63.71,17225
63.72,15800
63.73,16225
63.74,15700
63.75,17600
63.76,17275
63.77,17100
63.78,17075
63.79,17400
63.8,16325
63.81,17525
63.82,17025
63.83,16400
63.84,16800
63.85,16675
63.86,17725
63.87,16950
63.88,16275
63.89,16175
63.9,17175
63.91,16250
63.92,16025
63.93,15600
63.94,16925
63.95,16300
63.96,16050
63.97,15875
63.98,16175
63.99,16500
64,16950
64.01,17125
64.02,17650
64.03,17125
64.04,17750
64.05,17275
64.06,16675
64.07,17000
64.08,17925
64.09,16550
64.1,16950
64.11,17775
64.12,17275
64.13,16425
64.14,16950
64.15,16225
64.16,16900
64.17,16125
64.18,16250
64.19,16650
64.2,17375
64.21,17150
64.22,17750
64.23,16450
64.24,17050
64.25,16900
64.26,17575
64.27,17300
64.28,17225
64.29,16850
64.3,17275
64.31,17075
64.32,15650
64.33,16800
64.34,17625
64.35,17325
64.36,17325
64.37,17900
64.38,15050
64.39,16125
64.4,17450
64.41,17125
64.42,17925
64.43,16850
64.44,17875
64.45,17175
64.46,17225
64.47,17100
64.48,17150
64.49,16750
64.5,17550
64.51,17725
64.52,17125
64.53,17000
64.54,16400
64.55,16525
64.56,16475
64.57,16300
64.58,17975
64.59,18050
64.6,16675
64.61,17400
64.62,17225
64.63,16250
64.64,16200
64.65,16900
64.66,16675
64.67,16875
64.68,17275
64.69,16550
64.7,16675
64.71,15375
64.72,16350
64.73,16600
64.74,17600
64.75,17375
64.76,16875
64.77,17000
64.78,17575
64.79,16550
64.8,16400
64.81,17100
64.82,17225
64.83,17400
64.84,15825
64.85,16150
64.86,17375
64.87,16125
64.88,17100
64.89,17400
64.9,18750
64.91,17500
64.92,18325
64.93,17175
64.94,16975
64.95,17450
64.96,17350
64.97,18125
64.98,16900
64.99,16925
65,16925
65.01,16850
65.02,17475
65.03,17800
65.04,17275
65.05,17375
65.06,17075
65.07,17125
65.08,17000
65.09,17300
65.1,17750
65.11,16975
65.12,17425
65.13,18350
65.14,17500
65.15,16750
65.16,17600
65.17,17875
65.18,17025
65.19,17525
65.2,16500
65.21,17625
65.22,17625
65.23,17425
65.24,17550
65.25,16475
65.26,17525
65.27,16575
65.28,16925
65.29,16425
65.3,16875
65.31,17575
65.32,17450
65.33,17300
65.34,16925
65.35,16975
65.36,17325
65.37,17500
65.38,16300
65.39,17125
65.4,17050
65.41,17075
65.42,16550
65.43,16500
65.44,17450
65.45,16725
65.46,17025
65.47,17200
65.48,15725
65.49,16275
65.5,17100
65.51,17325
65.52,15825
65.53,16650
65.54,16725
65.55,15750
65.56,16325
65.57,16450
65.58,15725
65.59,16575
65.6,17425
65.61,16975
65.62,16775
65.63,16650
65.64,16300
65.65,16175
65.66,16800
65.67,16600
65.68,17650
65.69,17650
65.7,16725
65.71,17450
65.72,16250
65.73,16800
65.74,17400
65.75,15900
65.76,17100
65.77,16950
65.78,17100
65.79,15850
65.8,15600
65.81,17175
65.82,17575
65.83,17100
65.84,17650
65.85,16975
65.86,16075
65.87,17350
65.88,17175
65.89,15475
65.9,17725
65.91,16550
65.92,17850
65.93,16350
65.94,16900
65.95,17025
65.96,16850
65.97,17400
65.98,16450
65.99,15550
66,17175
66.01,16800
66.02,16900
66.03,16075
66.04,17025
66.05,17375
66.06,17600
66.07,17425
66.08,17800
66.09,16475
66.1,17475
66.11,17150
66.12,17100
66.13,16400
66.14,15675
66.15,16225
66.16,17050
66.17,16975
66.18,16525
66.19,17350
66.2,16100
66.21,15875
66.22,16900
66.23,16000
66.24,16475
66.25,15575
66.26,17750
66.27,18625
66.28,17650
66.29,16125
66.3,17300
66.31,16025
66.32,16700
66.33,18375
66.34,17075
66.35,17825
66.36,16175
66.37,17225
66.38,16675
66.39,16175
66.4,16425
66.41,17375
66.42,16600
66.43,17500
66.44,16600
66.45,16100
66.46,17150
66.47,16975
66.48,17075
66.49,18175
66.5,16350
66.51,17075
66.52,16875
66.53,17450
66.54,16500
66.55,16400
66.56,16175
66.57,17125
66.58,16650
66.59,17175
66.6,15625
66.61,17350
66.62,16300
66.63,17100
66.64,16950
66.65,17125
66.66,16900
66.67,17125
66.68,17025
66.69,17050
66.7,16225
66.71,16200
66.72,17225
66.73,17075
66.74,16150
66.75,16650
66.76,17175
66.77,16425
66.78,15800
66.79,17175
66.8,17025
66.81,17500
66.82,16625
66.83,16975
66.84,16325
66.85,17100
66.86,15750
66.87,17275
66.88,16300
66.89,16750
66.9,17375
66.91,15000
66.92,16525
66.93,16700
66.94,16950
66.95,16500
66.96,16350
66.97,16400
66.98,16775
66.99,15750
67,16675
67.01,18300
67.02,17150
67.03,18300
67.04,16175
67.05,16275
67.06,17700
67.07,16475
67.08,16650
67.09,18375
67.1,17900
67.11,16950
67.12,17325
67.13,16600
67.14,17225
67.15,16975
67.16,16075
67.17,15875
67.18,15900
67.19,16425
67.2,16450
67.21,17100
67.22,16325
67.23,16325
67.24,16300
67.25,15650
67.26,16100
67.27,16850
67.28,16525
67.29,17275
67.3,16850
67.31,17700
67.32,17350
67.33,16625
67.34,17725
67.35,16625
67.36,16850
67.37,16200
67.38,17150
67.39,17275
67.4,16300
67.41,16275
67.42,16775
67.43,17275
67.44,16500
67.45,16425
67.46,17225
67.47,16600
67.48,17575
67.49,17550
67.5,15075
67.51,17450
67.52,17450
67.53,16525
67.54,16025
67.55,16325
67.56,16575
67.57,17575
67.58,16750
67.59,16775
67.6,17100
67.61,17875
67.62,15575
67.63,16900
67.64,17375
67.65,15875
67.66,16200
67.67,16175
67.68,17700
67.69,17075
67.7,16600
67.71,16575
67.72,16725
67.73,16050
67.74,16250
67.75,16000
67.76,15800
67.77,17800
67.78,16875
67.79,17150
67.8,15750
67.81,15450
67.82,16450
67.83,17200
67.84,16400
67.85,16625
67.86,17175
67.87,17025
67.88,17175
67.89,16400
67.9,17825
67.91,17100
67.92,15650
67.93,16275
67.94,17375
67.95,16775
67.96,17275
67.97,16750
67.98,16500
67.99,16275
68,15975
68.01,16425
68.02,16575
68.03,16550
68.04,16475
68.05,15425
68.06,16075
68.07,17150
68.08,16400
68.09,16625
68.1,16625
68.11,16850
68.12,16525
68.13,17175
68.14,16225
68.15,17100
68.16,17325
68.17,16800
68.18,18125
68.19,16500
68.2,16550
68.21,18350
68.22,16675
68.23,17175
68.24,16725
68.25,15500
68.26,17775
68.27,16175
68.28,16425
68.29,17375
68.3,17925
68.31,16600
68.32,17875
68.33,15750
68.34,16300
68.35,16925
68.36,17050
68.37,16975
68.38,17575
68.39,17175
68.4,17625
68.41,16150
68.42,17275
68.43,16775
68.44,17075
68.45,16575
68.46,16000
68.47,16800
68.48,16700
68.49,16800
68.5,17075
68.51,17025
68.52,17575
68.53,17100
68.54,16800
68.55,16900
68.56,17025
68.57,17375
68.58,16075
68.59,17500
68.6,17425
68.61,16800
68.62,17425
68.63,16900
68.64,16675
68.65,17475
68.66,16950
68.67,14925
68.68,16675
68.69,16775
68.7,17275
68.71,16875
68.72,17125
68.73,16525
68.74,15750
68.75,15725
68.76,17575
68.77,16800
68.78,16625
68.79,16950
68.8,18175
68.81,17125
68.82,16700
68.83,18225
68.84,17275
68.85,16525
68.86,16975
68.87,16575
68.88,16125
68.89,17300
68.9,17425
68.91,16225
68.92,16975
68.93,17025
68.94,16225
68.95,17300
68.96,16975
68.97,17350
68.98,17100
68.99,16225
69,16500
69.01,17825
69.02,16500
69.03,17150
69.04,16200
69.05,16400
69.06,17225
69.07,16550
69.08,16200
69.09,16625
69.1,17275
69.11,16875
69.12,16400
69.13,16125
69.14,17350
69.15,16975
69.16,18125
69.17,16975
69.18,16775
69.19,16725
69.2,15500
69.21,17575
69.22,17175
69.23,18400
69.24,17800
69.25,16325
69.26,15500
69.27,16700
69.28,17225
69.29,18000
69.3,17275
69.31,17225
69.32,17025
69.33,17225
69.34,16950
69.35,16425
69.36,16175
69.37,16325
69.38,15800
69.39,17525
69.4,16725
69.41,15825
69.42,15425
69.43,15175
69.44,16900
69.45,18000
69.46,17325
69.47,16650
69.48,16075
69.49,16725
69.5,17425
69.51,16925
69.52,16775
69.53,17075
69.54,16800
69.55,15875
69.56,15850
69.57,16275
69.58,16850
69.59,16200
69.6,16875
69.61,15825
69.62,15350
69.63,17750
69.64,15575
69.65,17900
69.66,17475
69.67,16075
69.68,17025
69.69,17350
69.7,16500
69.71,16625
69.72,16875
69.73,16775
69.74,16000
69.75,16750
69.76,16725
69.77,17300
69.78,16250
69.79,17075
69.8,17475
69.81,16425
69.82,16400
69.83,17275
69.84,17150
69.85,17050
69.86,17550
69.87,16050
69.88,17575
69.89,17575
69.9,18725
69.91,15650
69.92,17525
69.93,17125
69.94,16875
69.95,16175
69.96,16100
69.97,16700
69.98,16675
69.99,16675
70,18000
70.01,16475
70.02,16225
70.03,17050
70.04,17875
70.05,17425
70.06,16675
70.07,16900
70.08,16950
70.09,16225
70.1,17125
70.11,18175
70.12,17625
70.13,17725
70.14,18375
70.15,17400
70.16,16075
70.17,17375
70.18,17325
70.19,17450
70.2,17075
70.21,17825
70.22,17100
70.23,18575
70.24,17575
70.25,19050
70.26,18750
70.27,16700
70.28,16350
70.29,18625
70.3,17500
70.31,16925
70.32,18275
70.33,18450
70.34,18825
70.35,18025
70.36,18175
70.37,18775
70.38,18725
70.39,18500
70.4,17400
70.41,19000
70.42,18375
70.43,18625
70.44,19075
70.45,17950
70.46,19175
70.47,18275
70.48,19325
70.49,17400
70.5,17450
70.51,18400
70.52,19225
70.53,19550
70.54,16925
70.55,18575
70.56,17975
70.57,17600
70.58,18950
70.59,18525
70.6,17900
70.61,17650
70.62,17550
70.63,16550
70.64,17025
70.65,16525
70.66,16675
70.67,19350
70.68,18200
70.69,16000
70.7,18000
70.71,18000
70.72,16850
70.73,16225
70.74,17050
70.75,16400
70.76,16925
70.77,16400
70.78,17825
70.79,16525
70.8,17750
70.81,16700
70.82,15925
70.83,15125
70.84,16975
70.85,16050
70.86,17650
70.87,16450
70.88,16275
70.89,17275
70.9,17775
70.91,17825
70.92,17725
70.93,17025
70.94,16450
70.95,18050
70.96,17150
70.97,16525
70.98,16775
70.99,17075
71,16450
71.01,15550
71.02,18050
71.03,17175
71.04,16150
71.05,16875
71.06,16450
71.07,17125
71.08,16325
71.09,15975
71.1,17025
71.11,16300
71.12,17450
71.13,16075
71.14,17100
71.15,16700
71.16,16875
71.17,17000
71.18,17500
71.19,16850
71.2,16850
71.21,16250
71.22,16800
71.23,16175
71.24,17625
71.25,17225
71.26,17375
71.27,16975
71.28,16700
71.29,17200
71.3,16900
71.31,16125
71.32,17025
71.33,16750
71.34,17225
71.35,17075
71.36,17850
71.37,15850
71.38,15850
71.39,17275
71.4,17475
71.41,17600
71.42,16625
71.43,17950
71.44,17725
71.45,16175
71.46,17550
71.47,16575
71.48,17575
71.49,17050
71.5,17450
71.51,15825
71.52,17100
71.53,16725
71.54,17300
71.55,16525
71.56,17750
71.57,17900
71.58,17150
71.59,16150
71.6,17900
71.61,16275
71.62,17175
71.63,16975
71.64,17175
71.65,17200
71.66,17325
71.67,16350
71.68,16175
71.69,16350
71.7,17525
71.71,16325
71.72,16975
71.73,16975
71.74,17925
71.75,16725
71.76,16925
71.77,16650
71.78,16475
71.79,17125
71.8,16975
71.81,17025
71.82,16725
71.83,16400
71.84,15825
71.85,16550
71.86,17475
71.87,17725
71.88,16925
71.89,16925
71.9,16650
71.91,17825
71.92,16725
71.93,17625
71.94,17350
71.95,17575
71.96,16900
71.97,17600
71.98,16350
71.99,16875
72,18225
72.01,17050
72.02,17150
72.03,16500
72.04,16725
72.05,17475
72.06,16050
72.07,16775
72.08,18450
72.09,16925
72.1,16400
72.11,17350
72.12,17600
72.13,15825
72.14,16900
72.15,17575
72.16,17075
72.17,17350
72.18,16850
72.19,16875
72.2,17200
72.21,18475
72.22,16975
72.23,17625
72.24,17225
72.25,16225
72.26,16925
72.27,16850
72.28,17275
72.29,16900
72.3,17775
72.31,16850
72.32,17300
72.33,18000
72.34,16300
72.35,16325
72.36,16875
72.37,16625
72.38,17225
72.39,17825
72.4,18000
72.41,17800
72.42,17300
72.43,16200
72.44,17075
72.45,16725
72.46,18225
72.47,17375
72.48,16675
72.49,18625
72.5,17650
72.51,16675
72.52,17875
72.53,17400
72.54,17125
72.55,17525
72.56,17400
72.57,17500
72.58,17850
72.59,16325
72.6,16550
72.61,16725
72.62,16750
72.63,16875
72.64,17375
72.65,17375
72.66,18400
72.67,17925
72.68,17600
72.69,16875
72.7,16950
72.71,16475
72.72,17750
72.73,18500
72.74,17550
72.75,17525
72.76,17950
72.77,16925
72.78,16850
72.79,18300
72.8,17225
72.81,18700
72.82,18525
72.83,17075
72.84,17475
72.85,17575
72.86,17275
72.87,18050
72.88,17750
72.89,17150
72.9,17225
72.91,16800
72.92,17900
72.93,17350
72.94,18900
72.95,17500
72.96,16975
72.97,16250
72.98,17375
72.99,17925
73,18350
73.01,16575
73.02,17325
73.03,17200
73.04,18000
73.05,17650
73.06,16150
73.07,16725
73.08,17575
73.09,18150
73.1,17275
73.11,16800
73.12,17525
73.13,16225
73.14,17100
73.15,16200
73.16,17950
73.17,17575
73.18,17625
73.19,16625
73.2,17025
73.21,16475
73.22,16225
73.23,17775
73.24,16700
73.25,17625
73.26,17400
73.27,17075
73.28,16275
73.29,17550
73.3,16800
73.31,16400
73.32,16750
73.33,16125
73.34,16925
73.35,16600
73.36,18125
73.37,17525
73.38,16550
73.39,17225
73.4,16950
73.41,16800
73.42,17350
73.43,17375
73.44,16550
73.45,17075
73.46,16950
73.47,17100
73.48,16025
73.49,15900
73.5,16700
73.51,16900
73.52,16025
73.53,15775
73.54,16925
73.55,18250
73.56,16650
73.57,16850
73.58,17800
73.59,17075
73.6,17300
73.61,17200
73.62,17300
73.63,17025
73.64,17525
73.65,18950
73.66,16525
73.67,17375
73.68,17825
73.69,16900
73.7,17000
73.71,17325
73.72,18250
73.73,18450
73.74,18125
73.75,17750
73.76,17800
73.77,17750
73.78,16575
73.79,17125
73.8,17400
73.81,18325
73.82,17550
73.83,17925
73.84,15700
73.85,16875
73.86,15900
73.87,17125
73.88,16900
73.89,17175
73.9,16050
73.91,18050
73.92,16450
73.93,17525
73.94,17725
73.95,17075
73.96,17400
73.97,17300
73.98,17825
73.99,17400
74,17500
74.01,17025
74.02,17050
74.03,17350
74.04,17275
74.05,18900
74.06,17750
74.07,18375
74.08,16925
74.09,17175
74.1,16525
74.11,18425
74.12,18050
74.13,17550
74.14,17925
74.15,16575
74.16,18000
74.17,17150
74.18,18300
74.19,18325
74.2,18425
74.21,17600
74.22,17500
74.23,18150
74.24,17150
74.25,17950
74.26,18025
74.27,16575
74.28,18650
74.29,16450
74.3,17475
74.31,17200
74.32,17375
74.33,17175
74.34,17500
74.35,18125
74.36,18075
74.37,17875
74.38,17425
74.39,17350
74.4,17775
74.41,18425
74.42,17750
74.43,18125
74.44,18075
74.45,17775
74.46,17975
74.47,17625
74.48,16550
74.49,18150
74.5,17325
74.51,17950
74.52,17525
74.53,17150
74.54,17525
74.55,18150
74.56,17275
74.57,18450
74.58,17725
74.59,16425
74.6,18075
74.61,17650
74.62,17650
74.63,16550
74.64,17700
74.65,17425
74.66,18250
74.67,18050
74.68,16250
74.69,17550
74.7,17125
74.71,17000
74.72,17025
74.73,16250
74.74,16075
74.75,17650
74.76,16700
74.77,17875
74.78,18850
74.79,17225
74.8,17750
74.81,17400
74.82,16475
74.83,16725
74.84,17325
74.85,17350
74.86,17975
74.87,16150
74.88,16975
74.89,17125
74.9,17525
74.91,17425
74.92,17000
74.93,16775
74.94,17450
74.95,16750
74.96,16250
74.97,16200
74.98,17425
74.99,17050
75,15675
75.01,16525
75.02,17000
75.03,17925
75.04,18025
75.05,18200
75.06,17075
75.07,17200
75.08,17150
75.09,16425
75.1,15850
75.11,17075
75.12,16250
75.13,15900
75.14,16500
75.15,16550
75.16,16150
75.17,16625
75.18,17750
75.19,16525
75.2,17275
75.21,17050
75.22,16950
75.23,16750
75.24,17400
75.25,17100
75.26,16975
75.27,17400
75.28,17500
75.29,16050
75.3,16625
75.31,16500
75.32,16750
75.33,17550
75.34,16950
75.35,16200
75.36,17800
75.37,17325
75.38,16625
75.39,16725
75.4,16300
75.41,17275
75.42,17100
75.43,15600
75.44,16450
75.45,16400
75.46,18275
75.47,16725
75.48,16500
75.49,16400
75.5,16525
75.51,17875
75.52,16600
75.53,16400
75.54,16250
75.55,16775
75.56,17100
75.57,17875
75.58,17575
75.59,17325
75.6,17450
75.61,17100
75.62,16350
75.63,17200
75.64,17050
75.65,16275
75.66,17200
75.67,16500
75.68,17125
75.69,16575
75.7,16925
75.71,17150
75.72,17650
75.73,17125
75.74,17350
75.75,17175
75.76,17500
75.77,17275
75.78,17400
75.79,15975
75.8,16525
75.81,17500
75.82,17775
75.83,17050
75.84,16300
75.85,16900
75.86,17375
75.87,17325
75.88,16300
75.89,16625
75.9,16475
75.91,16850
75.92,17200
75.93,17375
75.94,17175
75.95,17575
75.96,16725
75.97,17275
75.98,17000
75.99,17425
76,17100
76.01,16775
76.02,16550
76.03,18075
76.04,16725
76.05,16000
76.06,16475
76.07,16550
76.08,17550
76.09,16625
76.1,16075
76.11,17150
76.12,17700
76.13,17175
76.14,17100
76.15,17075
76.16,15975
76.17,17300
76.18,16225
76.19,16525
76.2,16950
76.21,17375
76.22,16600
76.23,17925
76.24,17350
76.25,17600
76.26,16900
76.27,16875
76.28,18350
76.29,17375
76.3,17000
76.31,17650
76.32,17450
76.33,18000
76.34,16975
76.35,16950
76.36,17625
76.37,17100
76.38,16425
76.39,17825
76.4,17400
76.41,17625
76.42,18750
76.43,17200
76.44,17525
76.45,16075
76.46,17400
76.47,16575
76.48,17925
76.49,17125
76.5,16800
76.51,17750
76.52,17775
76.53,17425
76.54,17850
76.55,15825
76.56,16925
76.57,18225
76.58,17275
76.59,16900
76.6,17150
76.61,17850
76.62,18525
76.63,16625
76.64,18300
76.65,18425
76.66,16225
76.67,18775
76.68,17850
76.69,17850
76.7,17825
76.71,17075
76.72,16450
76.73,16700
76.74,17025
76.75,16900
76.76,18750
76.77,16325
76.78,16950
76.79,16575
76.8,17000
76.81,16250
76.82,18275
76.83,18300
76.84,17550
76.85,16750
76.86,17025
76.87,17350
76.88,17450
76.89,17900
76.9,17800
76.91,17525
76.92,17000
76.93,17700
76.94,17500
76.95,17400
76.96,17200
76.97,17650
76.98,18225
76.99,17450
77,17750
77.01,17500
77.02,17650
77.03,17800
77.04,17100
77.05,17300
77.06,17750
77.07,16750
77.08,17125
77.09,16975
77.1,16775
77.11,17425
77.12,16575
77.13,14925
77.14,17500
77.15,17025
77.16,17150
77.17,18325
77.18,17150
77.19,17075
77.2,17975
77.21,16400
77.22,16725
77.23,17400
77.24,17625
77.25,16550
77.26,17200
77.27,16550
77.28,17175
77.29,17775
77.3,18000
77.31,17125
77.32,16850
77.33,16675
77.34,17200
77.35,16700
77.36,16250
77.37,16475
77.38,18400
77.39,17875
77.4,16900
77.41,17050
77.42,17425
77.43,17300
77.44,18650
77.45,17100
77.46,17300
77.47,17150
77.48,17400
77.49,18000
77.5,16975
77.51,17775
77.52,17750
77.53,17400
77.54,17000
77.55,17025
77.56,18400
77.57,17425
77.58,18425
77.59,16425
77.6,18350
77.61,17950
77.62,17725
77.63,17700
77.64,17750
77.65,17425
77.66,18175
77.67,18175
77.68,17575
77.69,16550
77.7,18150
77.71,17775
77.72,17975
77.73,17900
77.74,17925
77.75,18175
77.76,17325
77.77,17175
77.78,17850
77.79,17025
77.8,17600
77.81,18350
77.82,17450
77.83,16800
77.84,18250
77.85,18050
77.86,18325
77.87,18925
77.88,17800
77.89,19275
77.9,17150
77.91,17625
77.92,18575
77.93,18950
77.94,17225
77.95,17900
77.96,17500
77.97,18175
77.98,18275
77.99,18150
78,16550
78.01,17175
78.02,18300
78.03,18950
78.04,17175
78.05,17600
78.06,17575
78.07,18300
78.08,18650
78.09,18625
78.1,17925
78.11,17200
78.12,16975
78.13,16725
78.14,17100
78.15,17700
78.16,17500
78.17,17975
78.18,18075
78.19,17725
78.2,17775
78.21,16725
78.22,17775
78.23,17775
78.24,17700
78.25,17125
78.26,18525
78.27,17600
78.28,18300
78.29,16975
78.3,18800
78.31,15875
78.32,17075
78.33,16800
78.34,17050
78.35,17400
78.36,17475
78.37,17150
78.38,16350
78.39,16600
78.4,17150
78.41,17150
78.42,16775
78.43,16525
78.44,16525
78.45,17325
78.46,17225
78.47,17475
78.48,17550
78.49,17625
78.5,18325
78.51,16325
78.52,17150
78.53,16625
78.54,16275
78.55,17725
78.56,17025
78.57,16750
78.58,17000
78.59,16900
78.6,16750
78.61,17350
78.62,17850
78.63,16925
78.64,17050
78.65,17050
78.66,18075
78.67,16550
78.68,16275
78.69,17325
78.7,16175
78.71,17200
78.72,17875
78.73,16150
78.74,17325
78.75,16800
78.76,17850
78.77,17350
78.78,17000
78.79,16025
78.8,16300
78.81,17175
78.82,16175
78.83,16975
78.84,16475
78.85,17000
78.86,17000
78.87,16550
78.88,16525
78.89,18050
78.9,17550
78.91,17275
78.92,17325
78.93,16725
78.94,16550
78.95,17425
78.96,17125
78.97,16400
78.98,16875
78.99,16400
79,18150
79.01,17200
79.02,17475
79.03,16700
79.04,15725
79.05,17725
79.06,17975
79.07,17350
79.08,16600
79.09,17175
79.1,16550
79.11,16700
79.12,17450
79.13,17225
79.14,16275
79.15,16600
79.16,17175
79.17,15850
79.18,16950
79.19,17175
79.2,17725
79.21,17200
79.22,16275
79.23,15625
79.24,16775
79.25,16350
79.26,17225
79.27,16600
79.28,18425
79.29,16800
79.3,16875
79.31,17450
79.32,16550
79.33,17225
79.34,16750
79.35,17450
79.36,17225
79.37,16950
79.38,16575
79.39,16775
79.4,17050
79.41,17050
79.42,17425
79.43,16875
79.44,16550
79.45,16700
79.46,16425
79.47,16925
79.48,16975
79.49,17300
79.5,16400
79.51,16475
79.52,18200
79.53,17600
79.54,16250
79.55,17400
79.56,17275
79.57,17475
79.58,16750
79.59,17075
79.6,16875
79.61,17200
79.62,16800
79.63,17525
79.64,18300
79.65,16325
79.66,17725
79.67,17075
79.68,17825
79.69,17475
79.7,16725
79.71,16800
79.72,16225
79.73,17800
79.74,17275
79.75,15750
79.76,16400
79.77,17050
79.78,16075
79.79,17125
79.8,17150
79.81,17100
79.82,15550
79.83,17625
79.84,17075
79.85,16925
79.86,17575
79.87,17950
79.88,16800
79.89,17875
79.9,16850
79.91,17925
79.92,15800
79.93,16175
79.94,15975
79.95,17850
79.96,16950
79.97,16950
79.98,16900
79.99,17125
80,16875
